time,well_I1_BHP,well_I1_BHT,well_I1_perf_0_molar_rate_G,well_I1_perf_0_molar_rate_L,well_I1_molar_rate_G_by_sum_perfs,well_I1_molar_rate_L_by_sum_perfs,well_I1_molar_rate_G_at_wh,well_I1_molar_rate_L_at_wh,well_I1_perf_0_mass_rate_G,well_I1_perf_0_mass_rate_L,well_I1_mass_rate_G_by_sum_perfs,well_I1_mass_rate_L_by_sum_perfs,well_I1_mass_rate_G_at_wh,well_I1_mass_rate_L_at_wh,well_I1_perf_0_volumetric_rate_G,well_I1_perf_0_volumetric_rate_L,well_I1_volumetric_rate_G_by_sum_perfs,well_I1_volumetric_rate_L_by_sum_perfs,well_I1_volumetric_rate_G_at_wh,well_I1_volumetric_rate_L_at_wh,well_I1_perf_0_molar_rate_CO2,well_I1_perf_0_molar_rate_H2O,well_I1_molar_rate_CO2_by_sum_perfs,well_I1_molar_rate_H2O_by_sum_perfs,well_I1_molar_rate_CO2_at_wh,well_I1_molar_rate_H2O_at_wh,well_I1_perf_0_mass_rate_CO2,well_I1_perf_0_mass_rate_H2O,well_I1_mass_rate_CO2_by_sum_perfs,well_I1_mass_rate_H2O_by_sum_perfs,well_I1_mass_rate_CO2_at_wh,well_I1_mass_rate_H2O_at_wh,well_I1_perf_0_advective_heat_rate_G,well_I1_perf_0_advective_heat_rate_L,well_I1_advective_heat_rate_G_by_sum_perfs,well_I1_advective_heat_rate_L_by_sum_perfs,well_I1_advective_heat_rate_G_at_wh,well_I1_advective_heat_rate_L_at_wh
0.001,201.26230334875441,313.15000000000003,2270.617362987834,0.0,2270.617362987834,0.0,2272.210858252771,0.0,99929.86365447151,0.0,99929.86365447151,0.0,99999.99337655398,0.0,120.53695634342768,0.0,120.53695634342768,0.0,120.44204771244227,0.0,2270.6246352134744,0.00025116425046709743,2270.6246352134744,0.00025116425046709743,2272.2612807838336,0.0002513424189712669,99930.190195745,0.004524723972164761,99930.190195745,0.004524723972164761,100002.21896729652,0.004527933677767373,-23136548.038176756,0.0,-23136548.038176756,0.0,-23198701.910854414,0.0
0.003,201.9437775745889,313.15000000000003,2271.328379967562,0.0,2271.328379967562,0.0,2272.210859124755,0.0,99961.15550964768,0.0,99961.15550964768,0.0,99999.99341487123,0.0,120.51158818007842,0.0,120.51158818007842,0.0,120.31451455545614,0.0,2271.351877376181,0.00025124104390288396,2271.351877376181,0.00025124104390288396,2272.2638265077603,0.00025133807706123195,99962.19612332572,0.004526107405910455,99962.19612332572,0.004526107405910455,100002.33100460652,0.004527855458258094,-23139286.70033389,0.0,-23139286.70033389,0.0,-23210629.982218236,0.0
0.007,202.25026914754636,313.15000000000003,2271.8387571305134,0.0,2271.8387571305134,0.0,2272.210284926779,0.0,99983.61720710382,0.0,99983.61720710382,0.0,99999.9681443936,0.0,120.48272007685651,0.0,120.48272007685651,0.0,120.2575926167602,0.0,2271.865442993851,0.0002512957989594997,2271.865442993851,0.0002512957989594997,2272.2659333271386,0.0002513362504619271,99984.79814615937,0.004527093818255387,99984.79814615937,0.004527093818255387,100002.42372572736,0.004527822552071617,-23149477.054771908,0.0,-23149477.054771908,0.0,-23215940.980434068,0.0
0.015,202.36112953273147,313.15000000000003,2272.1360060695115,0.0,2272.1360060695115,0.0,2272.2107839998757,0.0,99996.69913205144,0.0,99996.69913205144,0.0,99999.99010858963,0.0,120.46868734801454,0.0,120.46868734801454,0.0,120.2370268219206,0.0,2272.1607895502775,0.0002513275814824934,2272.1607895502775,0.0002513275814824934,2272.2668848355747,0.00025133561120403535,99997.79634810772,0.004527666380407119,99997.79634810772,0.004527666380407119,100002.46560161364,0.004527811035840697,-23156726.18941349,0.0,-23156726.18941349,0.0,-23217870.548101917,0.0
0.031,202.41142906603628,313.15000000000003,2272.2200883984165,0.0,2272.2200883984165,0.0,2272.2108435378814,0.0,100000.39959510247,0.0,100000.39959510247,0.0,99999.99272885277,0.0,120.46021635671198,0.0,120.46021635671198,0.0,120.2276844118138,0.0,2272.2440605698066,0.000251336399185852,2272.2440605698066,0.000251336399185852,2272.267058941412,0.000251335292748903,100001.4611056772,0.004527825231333124,100001.4611056772,0.004527825231333124,100002.47326401154,0.004527805298871488,-23159348.932256725,0.0,-23159348.932256725,0.0,-23218744.556564383,0.0
0.063,202.4392013567557,313.15000000000003,2272.237767339329,0.0,2272.237767339329,0.0,2272.2108546639906,0.0,100001.1776452393,0.0,100001.1776452393,0.0,99999.99321851043,0.0,120.45482718180106,0.0,120.45482718180106,0.0,120.22252429886484,0.0,2272.2614842334738,0.0002513381217665092,2272.2614842334738,0.0002513381217665092,2272.267109054802,0.00025133511185015424,100002.22792111519,0.004527856263623663,100002.22792111519,0.004527856263623663,100002.47546950185,0.004527802039980529,-23160298.660623852,0.0,-23160298.660623852,0.0,-23219226.969551668,0.0
0.127,202.45448279455962,313.15000000000003,2272.2419575357844,0.0,2272.2419575357844,0.0,2272.2108577427557,0.0,100001.36205577219,0.0,100001.36205577219,0.0,99999.99335400555,0.0,120.4512375087904,0.0,120.4512375087904,0.0,120.219684634291,0.0,2272.2654363125444,0.00025133844129493466,2272.2654363125444,0.00025133844129493466,2272.267126220485,0.00025133501116915977,100002.40185211506,0.004527862019928249,100002.40185211506,0.004527862019928249,100002.47622496355,0.004527800226212414,-23160848.49378325,0.0,-23160848.49378325,0.0,-23219492.400347468,0.0
0.255,203.61572642639425,313.15000000000003,2272.194903978025,0.0,2272.194903978025,0.0,2272.2108573255855,0.0,99999.29122873055,0.0,99999.29122873055,0.0,99999.99333554592,0.0,120.23025429233034,0.0,120.23025429233034,0.0,120.00400736870019,0.0,2272.208925629738,0.00025132435879823833,2272.208925629738,0.00025132435879823833,2272.2576652727075,0.00025132619959251863,99999.91481696477,0.004527608323750263,99999.91481696477,0.004527608323750263,100002.05984865186,0.0045276414856592236,-23180915.368537378,0.0,-23180915.368537378,0.0,-23239644.572696105,0.0
0.511,204.8925829180895,313.15000000000003,2272.217826297139,0.0,2272.217826297139,0.0,2272.210832195532,0.0,100000.30003982218,0.0,100000.30003982218,0.0,99999.99222946362,0.0,119.99098414868278,0.0,119.99098414868278,0.0,119.77170130093754,0.0,2272.2372418220625,0.00025131900599800907,2272.2372418220625,0.00025131900599800907,2272.264261082343,0.00025131859237198295,100001.16101258897,0.004527511893054133,100001.16101258897,0.004527511893054133,100002.35013023394,0.004527504441581273,-23204559.916139536,0.0,-23204559.916139536,0.0,-23261305.087122884,0.0
1.0230000000000001,204.7135637475531,313.15000000000003,2272.249316951847,0.0,2272.249316951847,0.0,2272.2106670065873,0.0,100001.68594346305,0.0,100001.68594346305,0.0,99999.9849595139,0.0,120.01320892230899,0.0,120.01320892230899,0.0,119.80432070374859,0.0,2272.2664506426513,0.0002513232267444095,2272.2664506426513,0.0002513232267444095,2272.2653029653375,0.00025131987449760764,100002.44649278308,0.0045275879298005365,100002.44649278308,0.0045275879298005365,100002.3959835045,0.004527527539074401,-23204972.68529325,0.0,-23204972.68529325,0.0,-23258261.055892106,0.0
2.047,204.30609528899174,313.15000000000003,2272.2561838538027,0.0,2272.2561838538027,0.0,2272.2106160261915,0.0,100001.98815583663,0.0,100001.98815583663,0.0,99999.98271590157,0.0,120.06611043997475,0.0,120.06611043997475,0.0,119.87851244335188,0.0,2272.266871713715,0.0002513256152090557,2272.266871713715,0.0002513256152090557,2272.265400030384,0.00025132254357994685,100002.4650241206,0.004527630957991139,100002.4650241206,0.004527630957991139,100002.4002553372,0.004527575622592742,-23203753.828023348,0.0,-23203753.828023348,0.0,-23251342.42926602,0.0
4.095000000000001,204.39477024113938,313.15000000000003,2272.244363185701,0.0,2272.244363185701,0.0,2272.2102224132936,0.0,100001.46792826487,0.0,100001.46792826487,0.0,99999.96539299152,0.0,120.01512985572217,0.0,120.01512985572217,0.0,119.86235357048403,0.0,2272.264557609284,0.0002513242413308727,2272.264557609284,0.0002513242413308727,2272.2652814296407,0.00025132195166311137,100002.3631803846,0.004527606207575672,100002.3631803846,0.004527606207575672,100002.39503571851,0.0045275649592109515,-23213996.799398832,0.0,-23213996.799398832,0.0,-23252843.165562764,0.0
8.191,204.75254473433463,313.15000000000003,2272.2302484179604,0.0,2272.2302484179604,0.0,2272.2100877802836,0.0,100000.84673735354,0.0,100000.84673735354,0.0,99999.95946776262,0.0,119.90266653581288,0.0,119.90266653581288,0.0,119.7971870958654,0.0,2272.262170310581,0.00025132090839404334,2272.262170310581,0.00025132090839404334,2272.2645203077,0.00025131953379148363,100002.25811536866,0.00452754616471869,100002.25811536866,0.00452754616471869,100002.36153874187,0.004527521401253578,-23231970.98381614,0.0,-23231970.98381614,0.0,-23258917.43769666,0.0
16.383000000000003,204.39120880628687,313.15000000000003,2272.220287224545,0.0,2272.220287224545,0.0,2272.2091111252385,0.0,100000.40834529785,0.0,100000.40834529785,0.0,99999.91648520766,0.0,119.91923232507763,0.0,119.91923232507763,0.0,119.8629431896243,0.0,2272.2642240739506,0.0002513227310392306,2272.2642240739506,0.0002513227310392306,2272.264162361802,0.0002513218511302894,100002.34850149456,0.0045275789996717395,100002.34850149456,0.0045275789996717395,100002.3457855429,0.004527563148112163,-23238427.269995965,0.0,-23238427.269995965,0.0,-23252771.349210303,0.0
26.383000000000003,204.76693408052444,313.15000000000003,2272.2141332172228,0.0,2272.2141332172228,0.0,2272.2100081799344,0.0,100000.1375074255,0.0,100000.1375074255,0.0,99999.95596455024,0.0,119.82176270577273,0.0,119.82176270577273,0.0,119.79456066206296,0.0,2272.2633562327214,0.00025131973331727123,2272.2633562327214,0.00025131973331727123,2272.2643572587217,0.00025131942195333605,100002.31030780206,0.004527524995710642,100002.31030780206,0.004527524995710642,100002.35436295635,0.004527519386489349,-23252187.921194497,0.0,-23252187.921194497,0.0,-23259161.127917014,0.0
36.383,204.43338965825916,313.15000000000003,2272.2128070132167,0.0,2272.2128070132167,0.0,2272.210341024736,0.0,100000.07914122158,0.0,100000.07914122158,0.0,99999.97061307744,0.0,119.86805296835159,0.0,119.86805296835159,0.0,119.85532995558164,0.0,2272.265600608673,0.0002513219324135391,2272.265600608673,0.0002513219324135391,2272.2654664151846,0.00025132172009236496,100002.4090827877,0.0045275646124299075,100002.4090827877,0.0045275646124299075,100002.40317693225,0.004527560787463954,-23250257.87950907,0.0,-23250257.87950907,0.0,-23253499.865131788,0.0
46.383,204.4700635556907,313.15000000000003,2272.21174892144,0.0,2272.21174892144,0.0,2272.2108519283993,0.0,100000.03257460345,0.0,100000.03257460345,0.0,99999.9930979431,0.0,119.8540512614471,0.0,119.8540512614471,0.0,119.84868035454753,0.0,2272.265936230651,0.00025132161641278165,2272.265936230651,0.00025132161641278165,2272.2660103535577,0.0002513215409502876,100002.42385351095,0.0045275589196762615,100002.42385351095,0.0045275589196762615,100002.42711566007,0.004527557560219431,-23252757.08360874,0.0,-23252757.08360874,0.0,-23254127.634677447,0.0
56.383,204.0640122315144,313.15000000000003,2272.2103717348023,0.0,2272.2103717348023,0.0,2272.2098663259376,0.0,99999.97196465862,0.0,99999.97196465862,0.0,99999.94972161615,0.0,119.92401205318555,0.0,119.92401205318555,0.0,119.92250626713475,0.0,2272.2632687624923,0.0002513239123280296,2272.2632687624923,0.0002513239123280296,2272.263030175662,0.0002513238623848212,100002.30645823729,0.004527600280589454,100002.30645823729,0.004527600280589454,100002.29595803088,0.0045275993808625535,-23246853.628583446,0.0,-23246853.628583446,0.0,-23247228.95717677,0.0
66.38300000000001,204.24119938206812,313.15000000000003,2272.2104520049506,0.0,2272.2104520049506,0.0,2272.210670788406,0.0,99999.97549733285,0.0,99999.97549733285,0.0,99999.985125992,0.0,119.88973385130826,0.0,119.88973385130826,0.0,119.89032289811351,0.0,2272.265033810968,0.0002513229180736101,2272.265033810968,0.0002513229180736101,2272.26514528899,0.0002513229390929135,100002.3841380207,0.004527582369096086,100002.3841380207,0.004527582369096086,100002.38904416843,0.004527582747758837,-23250392.55919651,0.0,-23250392.55919651,0.0,-23250242.017794885,0.0
76.38300000000001,204.21734884151573,313.15000000000003,2272.2105442728503,0.0,2272.2105442728503,0.0,2272.2108574179133,0.0,99999.97955804504,0.0,99999.97955804504,0.0,99999.9933395581,0.0,119.89288963867577,0.0,119.89288963867577,0.0,119.89467163446653,0.0,2272.2652038656556,0.00025132307400303235,2272.2652038656556,0.00025132307400303235,2272.2651951933503,0.0002513231003469247,100002.39162212748,0.004527585178164628,100002.39162212748,0.004527585178164628,100002.39124045933,0.004527585652749849,-23250297.100232214,0.0,-23250297.100232214,0.0,-23249839.35679761,0.0
86.38300000000001,204.0102402903323,313.15000000000003,2272.210257569276,0.0,2272.210257569276,0.0,2272.210602202961,0.0,99999.96694023932,0.0,99999.96694023932,0.0,99999.98210756644,0.0,119.92979661466833,0.0,119.92979661466833,0.0,119.93232117323605,0.0,2272.263344029024,0.00025132420945756754,2272.263344029024,0.00025132420945756754,2272.263233590165,0.00025132423619829165,100002.30977071737,0.004527605633378079,100002.30977071737,0.004527605633378079,100002.30491030314,0.004527606115112224,-23246973.929260567,0.0,-23246973.929260567,0.0,-23246324.93692232,0.0
96.38300000000001,204.14311528950907,313.15000000000003,2272.21014144663,0.0,2272.21014144663,0.0,2272.2107537354736,0.0,99999.96182967075,0.0,99999.96182967075,0.0,99999.98877650056,0.0,119.90516103578992,0.0,119.90516103578992,0.0,119.9081685698952,0.0,2272.2645139526467,0.00025132346351215435,2272.2645139526467,0.00025132346351215435,2272.2645869147964,0.0002513235178569449,100002.361259056,0.00452759219517146,100002.361259056,0.00452759219517146,100002.3644701202,0.004527593174192863,-23249347.54093346,0.0,-23249347.54093346,0.0,-23248579.292153724,0.0
106.38300000000001,204.25960838500131,313.15000000000003,2272.2101146734476,0.0,2272.2101146734476,0.0,2272.210778743288,0.0,99999.9606513732,0.0,99999.9606513732,0.0,99999.98987708446,0.0,119.88362856541484,0.0,119.88362856541484,0.0,119.88697939898137,0.0,2272.2652866950766,0.00025132278295635926,2272.2652866950766,0.00025132278295635926,2272.2653503354113,0.000251322841575782,100002.39526745032,0.004527579934958811,100002.39526745032,0.004527579934958811,100002.39806826145,0.004527580990987713,-23251411.922061685,0.0,-23251411.922061685,0.0,-23250555.411166474,0.0
116.38300000000001,204.16056209482542,313.15000000000003,2272.210204428661,0.0,2272.210204428661,0.0,2272.210801101767,0.0,99999.96460150836,0.0,99999.96460150836,0.0,99999.99086108955,0.0,119.90138048290873,0.0,119.90138048290873,0.0,119.90499794806492,0.0,2272.2648157679578,0.00025132337338033123,2272.2648157679578,0.00025132337338033123,2272.264763627004,0.00025132342345509203,100002.37454194781,0.0045275905714466675,100002.37454194781,0.0045275905714466675,100002.37224722444,0.004527591473543484,-23249802.521088913,0.0,-23249802.521088913,0.0,-23248875.64788648,0.0
126.38300000000001,204.06587757434116,313.15000000000003,2272.2101699834893,0.0,2272.2101699834893,0.0,2272.210806629165,0.0,99999.96308558456,0.0,99999.96308558456,0.0,99999.99110435836,0.0,119.91838970910057,0.0,119.91838970910057,0.0,119.92221673288587,0.0,2272.2640371887624,0.00025132390245485994,2272.2640371887624,0.00025132390245485994,2272.263987846939,0.0002513239561223363,100002.34027667742,0.004527600102724303,100002.34027667742,0.004527600102724303,100002.33810514376,0.004527601069543888,-23248250.031139854,0.0,-23248250.031139854,0.0,-23247270.201929376,0.0
136.383,204.18528942284794,313.15000000000003,2272.2099969397345,0.0,2272.2099969397345,0.0,2272.210774415886,0.0,99999.95546991928,0.0,99999.95546991928,0.0,99999.98968664184,0.0,119.89650942221617,0.0,119.89650942221617,0.0,119.90049897132712,0.0,2272.2648451424852,0.0002513232094688412,2272.2648451424852,0.0002513232094688412,2272.2649089435117,0.0002513232780406682,100002.37583472076,0.0045275876185811754,100002.37583472076,0.0045275876185811754,100002.37864260396,0.004527588853902638,-23250313.91020286,0.0,-23250313.91020286,0.0,-23249294.741245463,0.0
146.383,204.2696225412394,313.15000000000003,2272.2100342616563,0.0,2272.2100342616563,0.0,2272.2108168015375,0.0,99999.95711244976,0.0,99999.95711244976,0.0,99999.99155202707,0.0,119.88103276974464,0.0,119.88103276974464,0.0,119.88515942254324,0.0,2272.265393700433,0.0002513227173608025,2272.265393700433,0.0002513227173608025,2272.265438118879,0.0002513227859026747,100002.39997675605,0.004527578753254857,100002.39997675605,0.004527578753254857,100002.40193161186,0.004527579988036685,-23251780.718423672,0.0,-23251780.718423672,0.0,-23250725.687746078,0.0
156.383,204.23972113006607,313.15000000000003,2272.210110379848,0.0,2272.210110379848,0.0,2272.210854935023,0.0,99999.96046241373,0.0,99999.96046241373,0.0,99999.9932302842,0.0,119.88635420658682,0.0,119.88635420658682,0.0,119.89060154770183,0.0,2272.265336811573,0.000251322904367319,2272.265336811573,0.000251322904367319,2272.2653213245662,0.0002513229682158633,100002.39747307733,0.0045275821221772514,100002.39747307733,0.0045275821221772514,100002.39679149415,0.004527583272408777,-23251305.92854923,0.0,-23251305.92854923,0.0,-23250218.82593521,0.0
166.383,204.20477756395442,313.15000000000003,2272.2100928654713,0.0,2272.2100928654713,0.0,2272.2108534121485,0.0,99999.95969160904,0.0,99999.95969160904,0.0,99999.99316326548,0.0,119.89260804531511,0.0,119.89260804531511,0.0,119.89695825359597,0.0,2272.2651318736775,0.00025132310826046864,2272.2651318736775,0.00025132310826046864,2272.2651141490287,0.00025132317347395473,100002.38845376055,0.004527585795312343,100002.38845376055,0.004527585795312343,100002.38767369876,0.004527586970133294,-23250739.31019021,0.0,-23250739.31019021,0.0,-23249626.08506534,0.0
176.383,204.2093806464992,313.15000000000003,2272.2100643135454,0.0,2272.2100643135454,0.0,2272.2108601764153,0.0,99999.9584350385,0.0,99999.9584350385,0.0,99999.99346096045,0.0,119.8916856106288,0.0,119.8916856106288,0.0,119.89612127852467,0.0,2272.2651468497525,0.0002513230785511715,2272.2651468497525,0.0002513230785511715,2272.2651495198875,0.0002513231473267824,100002.38911285762,0.004527585260099355,100002.38911285762,0.004527585260099355,100002.38923037025,0.004527586499091985,-23250838.80334744,0.0,-23250838.80334744,0.0,-23249704.229555797,0.0
182.5,204.1973217942243,313.15000000000003,2272.2100677691424,0.0,2272.2100677691424,0.0,2272.2108595449113,0.0,99999.95858712035,0.0,99999.95858712035,0.0,99999.993433169,0.0,119.89383093691102,0.0,119.89383093691102,0.0,119.89831480575202,0.0,2272.2650830356797,0.0002513231494753555,2272.2650830356797,0.0002513231494753555,2272.2650729712454,0.00025132321760597287,100002.38630440026,0.00452758653779853,100002.38630440026,0.00452758653779853,100002.38586146451,0.004527587765171601,-23250646.799273502,0.0,-23250646.799273502,0.0,-23249499.689111672,0.0
192.5,204.2079159055372,313.15000000000003,2272.2100402620254,0.0,2272.2100402620254,0.0,2272.2108592329255,0.0,99999.95737653131,0.0,99999.95737653131,0.0,99999.99341943758,0.0,119.89183651491105,0.0,119.89183651491105,0.0,119.89638767643781,0.0,2272.265134138951,0.0002513230849183042,2272.265134138951,0.0002513230849183042,2272.265139523456,0.00025132315578675765,100002.38855345522,0.00452758537480325,100002.38855345522,0.00452758537480325,100002.3887904273,0.004527586651498439,-23250843.348968096,0.0,-23250843.348968096,0.0,-23249679.375541493,0.0
202.5,204.26986928248405,313.15000000000003,2272.209980960321,0.0,2272.209980960321,0.0,2272.210837353085,0.0,99999.95476665821,0.0,99999.95476665821,0.0,99999.99245650062,0.0,119.8805072557706,0.0,119.8805072557706,0.0,119.88511561380109,0.0,2272.265426889099,0.00025132271193892096,2272.265426889099,0.00025132271193892096,2272.2654598686013,0.0002513227866980504,100002.40143738923,0.004527578655579661,100002.40143738923,0.004527578655579661,100002.40288881713,0.0045275800023653785,-23251908.34447059,0.0,-23251908.34447059,0.0,-23250730.084003694,0.0
212.5,204.30288428789888,313.15000000000003,2272.2100035136373,0.0,2272.2100035136373,0.0,2272.2108536796923,0.0,99999.95575922677,0.0,99999.95575922677,0.0,99999.99317503173,0.0,119.8744490374017,0.0,119.8744490374017,0.0,119.8791092698929,0.0,2272.2656070769467,0.00025132251552363355,2272.2656070769467,0.00025132251552363355,2272.2656245262797,0.00025132258937189927,100002.40936745642,0.004527575117158259,100002.40936745642,0.004527575117158259,100002.41013540156,0.0045275764475347655,-23252482.436491814,0.0,-23252482.436491814,0.0,-23251290.380410545,0.0
222.5,204.26382933466041,313.15000000000003,2272.2100298897117,0.0,2272.2100298897117,0.0,2272.2108514333004,0.0,99999.9569200411,0.0,99999.9569200411,0.0,99999.99307617135,0.0,119.8815060825459,0.0,119.8815060825459,0.0,119.88621527817656,0.0,2272.265464432954,0.00025132275391339005,2272.265464432954,0.00025132275391339005,2272.2654442513744,0.0002513228244034895,100002.40308969431,0.0045275794117497214,100002.40308969431,0.0045275794117497214,100002.40220150298,0.004527580681628864,-23251832.98709987,0.0,-23251832.98709987,0.0,-23250627.76143783,0.0
232.5,204.24910452907955,313.15000000000003,2272.210017695904,0.0,2272.210017695904,0.0,2272.210859200943,0.0,99999.95638339287,0.0,99999.95638339287,0.0,99999.99341802656,0.0,119.88414374012197,0.0,119.88414374012197,0.0,119.8888946611541,0.0,2272.265383775394,0.0002513228404896046,2272.265383775394,0.0002513228404896046,2272.265376299216,0.00025132291302782034,100002.3995399551,0.004527580971420228,100002.3995399551,0.004527580971420228,100002.39921092849,0.004527582278196184,-23251593.53606057,0.0,-23251593.53606057,0.0,-23250378.04565292,0.0
242.5,204.2352761162385,313.15000000000003,2272.210010903784,0.0,2272.210010903784,0.0,2272.210859348335,0.0,99999.9560844729,0.0,99999.9560844729,0.0,99999.99342451445,0.0,119.88662285975539,0.0,119.88662285975539,0.0,119.89141043891075,0.0,2272.265308061887,0.00025132292183186903,2272.265308061887,0.00025132292183186903,2272.2653010494746,0.0002513229949972631,100002.39620780364,0.004527582436801121,100002.39620780364,0.004527582436801121,100002.39589918737,0.004527583754875694,-23251368.225174356,0.0,-23251368.225174356,0.0,-23250143.46943175,0.0
252.5,204.23667474091846,313.15000000000003,2272.209998463337,0.0,2272.209998463337,0.0,2272.2108599431444,0.0,99999.95553696874,0.0,99999.95553696874,0.0,99999.99345069188,0.0,119.88633650603724,0.0,119.88633650603724,0.0,119.89115602701303,0.0,2272.26530900575,0.0002513229123138224,2272.26530900575,0.0002513229123138224,2272.2653094587986,0.0002513229867935131,100002.39624934306,0.004527582265333512,100002.39624934306,0.004527582265333512,100002.39626928171,0.004527583607085139,-23251399.939702354,0.0,-23251399.939702354,0.0,-23250167.200551722,0.0
262.5,204.19019977355464,313.15000000000003,2272.210004957682,0.0,2272.210004957682,0.0,2272.2108474981947,0.0,99999.95582278882,0.0,99999.95582278882,0.0,99999.99290299363,0.0,119.8947593032845,0.0,119.8947593032845,0.0,119.89960965783756,0.0,2272.2650387948415,0.0002513231853884846,2272.2650387948415,0.0002513231853884846,2272.2650146044693,0.00025132325766007255,100002.38435736095,0.004527587184773549,100002.38435736095,0.004527587184773549,100002.3832927427,0.004527588486746207,-23250619.69043927,0.0,-23250619.69043927,0.0,-23249378.770792015,0.0
272.5,204.18655487885013,313.15000000000003,2272.2099910126635,0.0,2272.2099910126635,0.0,2272.2108597006686,0.0,99999.95520906892,0.0,99999.95520906892,0.0,99999.99344002476,0.0,119.89539731164578,0.0,119.89539731164578,0.0,119.90027329246762,0.0,2272.2650050424772,0.00025132320507654626,2272.2650050424772,0.00025132320507654626,2272.265002675845,0.0002513232801439091,100002.38287191941,0.004527587539453981,100002.38287191941,0.004527587539453981,100002.38276776393,0.0045275888917925226,-23250563.996396538,0.0,-23250563.996396538,0.0,-23249317.07645909,0.0
282.5,204.18169256816947,313.15000000000003,2272.2099877079227,0.0,2272.2099877079227,0.0,2272.2108604901123,0.0,99999.95506362767,0.0,99999.95506362767,0.0,99999.99347476862,0.0,119.89625976859824,0.0,119.89625976859824,0.0,119.90115775535519,0.0,2272.264972984679,0.0002513232329409166,2272.264972984679,0.0002513232329409166,2272.2649708249514,0.00025132330837289,100002.38146105572,0.004527588041430612,100002.38146105572,0.004527588041430612,100002.38136600611,0.004527589400337613,-23250487.119793106,0.0,-23250487.119793106,0.0,-23249234.618522078,0.0
292.5,204.17929989817785,313.15000000000003,2272.2099830237357,0.0,2272.2099830237357,0.0,2272.2108602030225,0.0,99999.95485747684,0.0,99999.95485747684,0.0,99999.99346213399,0.0,119.89667512241114,0.0,119.89667512241114,0.0,119.9015929454559,0.0,2272.2649555458383,0.0002513232463302865,2272.2649555458383,0.0002513232463302865,2272.2649542876293,0.0002513233221709636,100002.38069357234,0.004527588282640112,100002.38069357234,0.004527588282640112,100002.38063819856,0.004527589648909909,-23250451.56278742,0.0,-23250451.56278742,0.0,-23249194.035777926,0.0
302.5,204.12133105615973,313.15000000000003,2272.209988086578,0.0,2272.209988086578,0.0,2272.2108398317723,0.0,99999.95508029747,0.0,99999.95508029747,0.0,99999.99256560029,0.0,119.9071964682953,0.0,119.9071964682953,0.0,119.9121348473999,0.0,2272.2645328930375,0.00025132357781899444,2272.2645328930375,0.00025132357781899444,2272.264502238683,0.0002513236507758918,100002.36209262258,0.004527594254409184,100002.36209262258,0.004527594254409184,100002.3607435244,0.0045275955687276905,-23249473.891282953,0.0,-23249473.891282953,0.0,-23248210.76942778,0.0
312.5,204.07746829868768,313.15000000000003,2272.2099862558325,0.0,2272.2099862558325,0.0,2272.210848729845,0.0,99999.95499973008,0.0,99999.95499973008,0.0,99999.99295720816,0.0,119.91515579962709,0.0,119.91515579962709,0.0,119.92011145293621,0.0,2272.2641590000067,0.0002513238227042213,2272.2641590000067,0.0002513238227042213,2272.264136040381,0.000251323896791844,100002.34563759028,0.0045275986660165465,100002.34563759028,0.0045275986660165465,100002.34462713718,0.004527600000705069,-23248734.22496489,0.0,-23248734.22496489,0.0,-23247467.14229243,0.0
322.5,204.048480216911,313.15000000000003,2272.209982401916,0.0,2272.209982401916,0.0,2272.210854725973,0.0,99999.95483012171,0.0,99999.95483012171,0.0,99999.99322110019,0.0,119.92041226902663,0.0,119.92041226902663,0.0,119.92538242428328,0.0,2272.2638868784124,0.00025132398175243636,2272.2638868784124,0.00025132398175243636,2272.2638712338135,0.0002513240568816542,100002.33366151893,0.004527601531270142,100002.33366151893,0.004527601531270142,100002.33297300013,0.004527602884723001,-23248246.18573894,0.0,-23248246.18573894,0.0,-23246975.752407912,0.0
332.5,204.01742283442752,313.15000000000003,2272.2099803036253,0.0,2272.2099803036253,0.0,2272.210853954933,0.0,99999.95473777858,0.0,99999.95473777858,0.0,99999.99318716938,0.0,119.92604521141025,0.0,119.92604521141025,0.0,119.93102872968734,0.0,2272.2635768406285,0.0002513241501520684,2272.2635768406285,0.0002513241501520684,2272.263560102618,0.00025132422538247867,100002.32001675607,0.004527604564989512,100002.32001675607,0.004527604564989512,100002.31928011621,0.004527605920265353,-23247722.942028604,0.0,-23247722.942028604,0.0,-23246449.26274339,0.0
342.5,203.96516563478465,313.15000000000003,2272.2099782520077,0.0,2272.2099782520077,0.0,2272.2108437292827,0.0,99999.95464749135,0.0,99999.95464749135,0.0,99999.99273714298,0.0,119.93553062974627,0.0,119.93553062974627,0.0,119.94052745200017,0.0,2272.2630079104156,0.0002513244284544133,2272.2630079104156,0.0002513244284544133,2272.2629804518638,0.00025132450273513345,100002.29497813738,0.004527609578606256,100002.29497813738,0.004527609578606256,100002.29376968651,0.004527610916773429,-23246840.42809885,0.0,-23246840.42809885,0.0,-23245563.419233084,0.0
352.5,203.93179163671238,313.15000000000003,2272.2099761271265,0.0,2272.2099761271265,0.0,2272.21085324452,0.0,99999.95455397817,0.0,99999.95455397817,0.0,99999.99315591139,0.0,119.9415860836545,0.0,119.9415860836545,0.0,119.94659380097517,0.0,2272.2626130413337,0.00025132460271047846,2272.2626130413337,0.00025132460271047846,2272.2625953201355,0.00025132467824401416,100002.2775999491,0.004527612717829269,100002.2775999491,0.004527612717829269,100002.27682003916,0.004527614078565915,-23246277.272217456,0.0,-23246277.272217456,0.0,-23244997.9193416,0.0
362.5,203.89892238542527,313.15000000000003,2272.209974203852,0.0,2272.209974203852,0.0,2272.210853671996,0.0,99999.95446933767,0.0,99999.95446933767,0.0,99999.99317472741,0.0,119.94754954958857,0.0,119.94754954958857,0.0,119.95256728648864,0.0,2272.2622006765014,0.00025132477175958856,2272.2622006765014,0.00025132477175958856,2272.262183466765,0.0002513248475202813,100002.25945177281,0.004527615763248988,100002.25945177281,0.004527615763248988,100002.25869437233,0.004527617128077867,-23245722.635095447,0.0,-23245722.635095447,0.0,-23244440.940609805,0.0
365.0,203.89089998876338,313.15000000000003,2272.2099795607137,0.0,2272.2099795607137,0.0,2272.2108598924037,0.0,99999.9547050938,0.0,99999.9547050938,0.0,99999.99344848821,0.0,119.94900526021942,0.0,119.94900526021942,0.0,119.95402546066197,0.0,2272.262102302879,0.00025132481327254114,2272.262102302879,0.00025132481327254114,2272.2620855063738,0.00025132488912078793,100002.2551223497,0.0045276165111048285,100002.2551223497,0.0045276165111048285,100002.2543831355,0.0045276178775109956,-23245587.334103342,0.0,-23245587.334103342,0.0,-23244305.070450928,0.0
375.0,203.85976699321657,313.15000000000003,2272.2099718160935,0.0,2272.2099718160935,0.0,2272.210854360334,0.0,99999.95436425574,0.0,99999.95436425574,0.0,99999.9932050245,0.0,119.95465311611242,0.0,119.95465311611242,0.0,119.95968235757285,0.0,2272.2616787151037,0.00025132496977294124,2272.2616787151037,0.00025132496977294124,2272.2616624620805,0.0002513250458348614,100002.23648025171,0.004527619330459536,100002.23648025171,0.004527619330459536,100002.23576495616,0.004527620700715027,-23245061.88583459,0.0,-23245061.88583459,0.0,-23243777.521062978,0.0
385.0,203.82335484924,313.15000000000003,2272.2099707693296,0.0,2272.2099707693296,0.0,2272.210852492475,0.0,99999.95431819078,0.0,99999.95431819078,0.0,99999.99312282311,0.0,119.96126005288757,0.0,119.96126005288757,0.0,119.96629799669378,0.0,2272.261164366302,0.00025132515076725263,2272.261164366302,0.00025132515076725263,2272.26114563498,0.00025132522670710816,100002.21384376095,0.004527622591072056,100002.21384376095,0.004527622591072056,100002.21301939547,0.004527623959128554,-23244447.049525477,0.0,-23244447.049525477,0.0,-23243160.631276637,0.0
395.0,203.78765018351052,313.15000000000003,2272.209969179558,0.0,2272.209969179558,0.0,2272.2108526466345,0.0,99999.95424822795,0.0,99999.95424822795,0.0,99999.9931296107,0.0,119.96773854317479,0.0,119.96773854317479,0.0,119.9727844391596,0.0,2272.2606314304135,0.00025132532512133404,2272.2606314304135,0.00025132532512133404,2272.2606129386536,0.000251325401225892,100002.1903892525,0.0045276257320608325,100002.1903892525,0.0045276257320608325,100002.18957543015,0.004527627103084445,-23243844.038659573,0.0,-23243844.038659573,0.0,-23242555.818801362,0.0
405.0,203.7678723194393,313.15000000000003,2272.2099649737897,0.0,2272.2099649737897,0.0,2272.210857630119,0.0,99999.9540631338,0.0,99999.9540631338,0.0,99999.99334893555,0.0,119.97132501754689,0.0,119.97132501754689,0.0,119.97637740454616,0.0,2272.260321307389,0.00025132542003728604,2272.260321307389,0.00025132542003728604,2272.260310873929,0.00025132549713612144,100002.17674073817,0.004527627441971709,100002.17674073817,0.004527627441971709,100002.1762815616,0.004527628830907227,-23243510.436854873,0.0,-23243510.436854873,0.0,-23242220.875742126,0.0
415.0,203.74886592367776,313.15000000000003,2272.209963571291,0.0,2272.209963571291,0.0,2272.210857808336,0.0,99999.95400141148,0.0,99999.95400141148,0.0,99999.9933567805,0.0,119.97477109901615,0.0,119.97477109901615,0.0,119.97982975900719,0.0,2272.2600180130016,0.0002513255106673137,2272.2600180130016,0.0002513255106673137,2272.2600079965714,0.0002513255879174566,100002.1633927522,0.004527629074671657,100002.1633927522,0.004527629074671657,100002.16295192912,0.00452763046633298,-23243190.00302223,0.0,-23243190.00302223,0.0,-23241898.970844887,0.0
425.0,203.73392902926992,313.15000000000003,2272.2099611942763,0.0,2272.2099611942763,0.0,2272.210858706741,0.0,99999.95389680033,0.0,99999.95389680033,0.0,99999.99339632054,0.0,119.97747831856694,0.0,119.97747831856694,0.0,119.98254281241186,0.0,2272.2597730354455,0.00025132558115252107,2272.2597730354455,0.00025132558115252107,2272.259765236313,0.0002513256587428223,100002.15261128997,0.004527630344462668,100002.15261128997,0.004527630344462668,100002.15226805012,0.004527631742251943,-23242938.38494662,0.0,-23242938.38494662,0.0,-23241646.011446565,0.0
435.0,203.70598310729915,313.15000000000003,2272.2104424265044,0.0,2272.2104424265044,0.0,2272.2108551910824,0.0,99999.97507583127,0.0,99999.97507583127,0.0,99999.99324159879,0.0,119.9852315694547,0.0,119.9852315694547,0.0,119.98761812373908,0.0,2272.259309734994,0.00025132575432583145,2272.259309734994,0.00025132575432583145,2272.2592928739855,0.00025132578925622336,100002.13222143709,0.004527633464179854,100002.13222143709,0.004527633464179854,100002.13147938409,0.004527634093450864,-23241783.44107018,0.0,-23241783.44107018,0.0,-23241172.721347667,0.0
445.0,203.67747484847845,313.15000000000003,2272.2106672252803,0.0,2272.2106672252803,0.0,2272.21085518512,0.0,99999.98496922699,0.0,99999.98496922699,0.0,99999.99324133882,0.0,119.99166564102458,0.0,119.99166564102458,0.0,119.99279527555835,0.0,2272.2588138763695,0.0002513259054924081,2272.2588138763695,0.0002513259054924081,2272.2587971606504,0.00025132592087930494,100002.11039869902,0.004527636187445732,100002.11039869902,0.004527636187445732,100002.10966304023,0.004527636464640679,-23240980.741955,0.0,-23240980.741955,0.0,-23240689.9885242,0.0
455.0,203.6582816546284,313.15000000000003,2272.210769221975,0.0,2272.210769221975,0.0,2272.2108573355863,0.0,99999.98945810276,0.0,99999.98945810276,0.0,99999.99333598244,0.0,119.9957345665133,0.0,119.9957345665133,0.0,119.99628063782849,0.0,2272.258467362321,0.0002513260017893285,2272.258467362321,0.0002513260017893285,2272.258455663855,0.0002513260086472994,100002.09514861571,0.004527637922234754,100002.09514861571,0.004527637922234754,100002.09463376625,0.004527638045781098,-23240507.1518537,0.0,-23240507.1518537,0.0,-23240365.03576664,0.0
465.0,203.63858504953112,313.15000000000003,2272.2108173852534,0.0,2272.2108173852534,0.0,2272.2108574778963,0.0,99999.99157777015,0.0,99999.99157777015,0.0,99999.99334224718,0.0,119.99958117765117,0.0,119.99958117765117,0.0,119.99985708104313,0.0,2272.2581059402864,0.0002513260948593787,2272.2581059402864,0.0002513260948593787,2272.258094853272,0.00025132609757573006,100002.07924243201,0.004527639598891708,100002.07924243201,0.004527639598891708,100002.0787544925,0.004527639647826777,-23240104.910484742,0.0,-23240104.910484742,0.0,-23240031.55992808,0.0
475.0,203.62403399639842,313.15000000000003,2272.210837962231,0.0,2272.210837962231,0.0,2272.210858256865,0.0,99999.9924833641,0.0,99999.9924833641,0.0,99999.99337653085,0.0,120.00234802084292,0.0,120.00234802084292,0.0,120.00249910062539,0.0,2272.257831943072,0.0002513261616828925,2272.257831943072,0.0002513261616828925,2272.2578235806604,0.00025132616275607686,100002.06718381458,0.004527640802717308,100002.06718381458,0.004527640802717308,100002.06681578486,0.0045276408220507255,-23239826.747495227,0.0,-23239826.747495227,0.0,-23239785.22212078,0.0
485.0,203.61434770235394,313.15000000000003,2272.210846308768,0.0,2272.210846308768,0.0,2272.210859598598,0.0,99999.99285069598,0.0,99999.99285069598,0.0,99999.99343558133,0.0,120.00416394892557,0.0,120.00416394892557,0.0,120.00425780508364,0.0,2272.2576462943684,0.0002513262054071681,2272.2576462943684,0.0002513262054071681,2272.257641283001,0.00025132620595960024,100002.05901341516,0.004527641590410134,100002.05901341516,0.004527641590410134,100002.05879286486,0.0045276416003622,-23239648.142801996,0.0,-23239648.142801996,0.0,-23239621.2557187,0.0
495.0,203.60113874044256,313.15000000000003,2272.210852177641,0.0,2272.210852177641,0.0,2272.2108588397655,0.0,99999.99310898621,0.0,99999.99310898621,0.0,99999.99340218624,0.0,120.006587488587,0.0,120.006587488587,0.0,120.00665588122963,0.0,2272.2573938721043,0.00025132626429502685,2272.2573938721043,0.00025132626429502685,2272.2573868264603,0.0002513262642268505,100002.0479043113,0.004527642651274908,100002.0479043113,0.004527642651274908,100002.04759423251,0.004527642650046712,-23239418.097162195,0.0,-23239418.097162195,0.0,-23239397.640607588,0.0
505.0,203.5840064624044,313.15000000000003,2272.2108553967437,0.0,2272.2108553967437,0.0,2272.2108579696614,0.0,99999.99325066034,0.0,99999.99325066034,0.0,99999.9933638944,0.0,120.00970827667297,0.0,120.00970827667297,0.0,120.00976608467025,0.0,2272.257060494304,0.0002513263396682945,2272.257060494304,0.0002513263396682945,2272.257051279967,0.00025132633919666214,100002.03323235431,0.004527644009124325,100002.03323235431,0.004527644009124325,100002.03282683136,0.004527644000627868,-23239125.43739732,0.0,-23239125.43739732,0.0,-23239107.622984827,0.0
515.0,203.56822950313838,313.15000000000003,2272.2108556663497,0.0,2272.2108556663497,0.0,2272.210858328707,0.0,99999.99326252702,0.0,99999.99326252702,0.0,99999.99337969733,0.0,120.01257623018928,0.0,120.01257623018928,0.0,120.01263015070965,0.0,2272.2567462048282,0.0002513264081887433,2272.2567462048282,0.0002513264081887433,2272.256737820001,0.0002513264077466646,100002.01940047451,0.00452764524352021,100002.01940047451,0.00452764524352021,100002.01903145824,0.004527645235556163,-23238857.379722487,0.0,-23238857.379722487,0.0,-23238840.574555535,0.0
525.0,203.55278834940785,313.15000000000003,2272.210855686931,0.0,2272.210855686931,0.0,2272.2108583377058,0.0,99999.99326343414,0.0,99999.99326343414,0.0,99999.99338009472,0.0,120.01537983796916,0.0,120.01537983796916,0.0,120.01543309593697,0.0,2272.2564337180847,0.000251326474664153,2272.2564337180847,0.000251326474664153,2272.2564254734707,0.0002513264742308173,100002.00564793289,0.0045276464410747164,100002.00564793289,0.0045276464410747164,100002.00528508743,0.004527646433268173,-23238595.8524582,0.0,-23238595.8524582,0.0,-23238579.219905008,0.0
535.0,203.54412885307536,313.15000000000003,2272.21085306418,0.0,2272.21085306418,0.0,2272.210859430363,0.0,99999.9931480076,0.0,99999.9931480076,0.0,99999.99342818328,0.0,120.0169512820276,0.0,120.0169512820276,0.0,120.01700500110299,0.0,2272.25625369683,0.00025132651140927914,2272.25625369683,0.00025132651140927914,2272.25624913709,0.00025132651138689633,100001.99772519746,0.004527647103038164,100001.99772519746,0.004527647103038164,100001.99752452332,0.004527647102634938,-23238449.329634927,0.0,-23238449.329634927,0.0,-23238432.667439613,0.0
545.0,203.53276663873257,313.15000000000003,2272.210853912677,0.0,2272.210853912677,0.0,2272.210858881422,0.0,99999.99318535093,0.0,99999.99318535093,0.0,99999.99340402539,0.0,120.01901226422184,0.0,120.01901226422184,0.0,120.01906734216726,0.0,2272.2560195151977,0.0002513265598331172,2272.2560195151977,0.0002513265598331172,2272.2560133203515,0.0002513265596508015,100001.98741886385,0.004527647975393606,100001.98741886385,0.004527647975393606,100001.98714622865,0.004527647972109189,-23238257.406277377,0.0,-23238257.406277377,0.0,-23238240.360426925,0.0
547.5,203.5338860167549,313.15000000000003,2272.2108465341703,0.0,2272.2108465341703,0.0,2272.210859895947,0.0,99999.99286062276,0.0,99999.99286062276,0.0,99999.9934486745,0.0,120.01880896465241,0.0,120.01880896465241,0.0,120.0188642194037,0.0,2272.256035392379,0.0002513265542679411,2272.256035392379,0.0002513265542679411,2272.2560376369584,0.000251326555014819,100001.98811761859,0.0045276478751369595,100001.98811761859,0.0045276478751369595,100001.98821640253,0.004527647888591964,-23238276.206763316,0.0,-23238276.206763316,0.0,-23238259.3155581,0.0
557.5,203.53129570890408,313.15000000000003,2272.210849809907,0.0,2272.210849809907,0.0,2272.21086024954,0.0,99999.99300478812,0.0,99999.99300478812,0.0,99999.99346423635,0.0,120.01927780075697,0.0,120.01927780075697,0.0,120.0193343992127,0.0,2272.2559849719373,0.0002513265656182954,2272.2559849719373,0.0002513265656182954,2272.255984026968,0.0002513265660344477,100001.98589861496,0.004527648079613591,100001.98589861496,0.004527648079613591,100001.98585702684,0.004527648087110575,-23238232.78820154,0.0,-23238232.78820154,0.0,-23238215.47997932,0.0
567.5,203.54619493782937,313.15000000000003,2272.2108392576083,0.0,2272.2108392576083,0.0,2272.210858522029,0.0,99999.99254038025,0.0,99999.99254038025,0.0,99999.99338820732,0.0,120.01657264135979,0.0,120.01657264135979,0.0,120.01662992724636,0.0,2272.256282899706,0.0002513265010770436,2272.256282899706,0.0002513265010770436,2272.2562907092447,0.0002513265024670329,100001.99901041608,0.00452764691690294,100001.99901041608,0.00452764691690294,100001.99935411385,0.004527646941943597,-23238484.903386246,0.0,-23238484.903386246,0.0,-23238467.626656458,0.0
577.5,203.50229527819351,313.15000000000003,2272.2110697611547,0.0,2272.2110697611547,0.0,2272.211055587167,0.0,100000.00268484441,0.0,100000.00268484441,0.0,100000.00206104723,0.0,120.02457371538569,0.0,120.02457371538569,0.0,120.0246344154093,0.0,2272.255828219313,0.00025132673874225087,2272.255828219313,0.00025132673874225087,2272.255797340271,0.0002513267359283279,100001.97899993196,0.00452765119844165,100001.97899993196,0.00452765119844165,100001.97764094532,0.004527651147748828,-23237743.07243817,0.0,-23237743.07243817,0.0,-23237724.042364903,0.0
587.5,203.49377949678535,313.15000000000003,2272.210847156201,0.0,2272.210847156201,0.0,2272.210859719266,0.0,99999.99288800178,0.0,99999.99288800178,0.0,99999.99344090222,0.0,120.02614938113012,0.0,120.02614938113012,0.0,120.02621207489375,0.0,2272.255798805899,0.0002513267924582385,2272.255798805899,0.0002513267924582385,2272.255794577995,0.00025132679260248485,100001.97770544761,0.004527652166135166,100001.97770544761,0.004527652166135166,100001.97751937756,0.004527652168733764,-23237592.536327105,0.0,-23237592.536327105,0.0,-23237573.630336847,0.0
597.5,203.48571566749513,313.15000000000003,2272.2108467326643,0.0,2272.2108467326643,0.0,2272.210859695746,0.0,99999.99286936263,0.0,99999.99286936263,0.0,99999.99343986776,0.0,120.02765171032708,0.0,120.02765171032708,0.0,120.02771575932451,0.0,2272.2559799629757,0.0002513268664306428,2272.2559799629757,0.0002513268664306428,2272.255975910657,0.0002513268666148279,100001.98567817056,0.004527653498748029,100001.98567817056,0.004527653498748029,100001.98549982802,0.004527653502066124,-23237452.347322997,0.0,-23237452.347322997,0.0,-23237433.10142647,0.0
607.5,203.47011384216222,313.15000000000003,2272.2108493138444,0.0,2272.2108493138444,0.0,2272.2108583891923,0.0,99999.9929829617,0.0,99999.9929829617,0.0,99999.99338236768,0.0,120.03055901762767,0.0,120.03055901762767,0.0,120.03062489480762,0.0,2272.256329610228,0.0002513270094715166,2272.256329610228,0.0002513270094715166,2272.256321335538,0.0002513270092187014,100002.00106614611,0.004527656075629371,100002.00106614611,0.004527656075629371,100002.00070197701,0.004527656071074906,-23237181.014580566,0.0,-23237181.014580566,0.0,-23237161.205020137,0.0
617.5,203.4653450437648,313.15000000000003,2272.210844733819,0.0,2272.210844733819,0.0,2272.21085955002,0.0,99999.99278139518,0.0,99999.99278139518,0.0,99999.99343345615,0.0,120.03144705938692,0.0,120.03144705938692,0.0,120.03151414344293,0.0,2272.2564300712993,0.000251327052478188,2272.2564300712993,0.000251327052478188,2272.256427384001,0.0002513270528589072,100002.00548743788,0.0045276568503945566,100002.00548743788,0.0045276568503945566,100002.00536916988,0.004527656857253213,-23237098.10075379,0.0,-23237098.10075379,0.0,-23237078.116870914,0.0
627.5,203.45871930067602,313.15000000000003,2272.210845343978,0.0,2272.210845343978,0.0,2272.210859571224,0.0,99999.99280824885,0.0,99999.99280824885,0.0,99999.99343438988,0.0,120.03268107192179,0.0,120.03268107192179,0.0,120.03274955353777,0.0,2272.256575807158,0.0002513271129123794,2272.256575807158,0.0002513271129123794,2272.25657228601,0.00025132711322411875,100002.011901273,0.004527657939116515,100002.011901273,0.004527657939116515,100002.0117463073,0.004527657944732499,-23236983.018959604,0.0,-23236983.018959604,0.0,-23236962.66052457,0.0
637.5,203.45598854358812,313.15000000000003,2272.210843291158,0.0,2272.210843291158,0.0,2272.2108593921,0.0,99999.99271790448,0.0,99999.99271790448,0.0,99999.9934265069,0.0,120.03318900550055,0.0,120.03318900550055,0.0,120.03325870204853,0.0,2272.256633375336,0.00025132713753759994,2272.256633375336,0.00025132713753759994,2272.2566315310855,0.0002513271380498899,100002.01443484855,0.004527658382739863,100002.01443484855,0.004527658382739863,100002.01435368307,0.004527658391968767,-23236935.70217026,0.0,-23236935.70217026,0.0,-23236915.07475018,0.0
647.5,203.46221022604115,313.15000000000003,2272.2108382030765,0.0,2272.2108382030765,0.0,2272.2108593856087,0.0,99999.99249397752,0.0,99999.99249397752,0.0,99999.99342622068,0.0,120.03202807869864,0.0,120.03202807869864,0.0,120.03209864341189,0.0,2272.2564927755725,0.0002513270803421169,2272.2564927755725,0.0002513270803421169,2272.256495889734,0.0002513270814141963,100002.00824705296,0.004527657352363237,100002.00824705296,0.004527657352363237,100002.00838410719,0.004527657371676747,-23237044.220517326,0.0,-23237044.220517326,0.0,-23237023.48926263,0.0
657.5,203.4505094753538,313.15000000000003,2272.2108467484627,0.0,2272.2108467484627,0.0,2272.2108586382697,0.0,99999.99287006095,0.0,99999.99287006095,0.0,99999.9933933313,0.0,120.0342077883138,0.0,120.0342077883138,0.0,120.03428023739211,0.0,2272.256756085821,0.00025132718772757315,2272.256756085821,0.00025132718772757315,2272.2567495015323,0.00025132718776408865,100002.01983533696,0.004527659286912231,100002.01983533696,0.004527659286912231,100002.01954556242,0.004527659287570058,-23236841.033402685,0.0,-23236841.033402685,0.0,-23236819.594561864,0.0
667.5,203.44269202692416,313.15000000000003,2272.210844908333,0.0,2272.210844908333,0.0,2272.210859022006,0.0,99999.99278907751,0.0,99999.99278907751,0.0,99999.9934102202,0.0,120.03566386519789,0.0,120.03566386519789,0.0,120.0357377931921,0.0,2272.2569227000217,0.0002513272584501873,2272.2569227000217,0.0002513272584501873,2272.2569181097447,0.0002513272587285306,100002.02716802797,0.004527660560980124,100002.02716802797,0.004527660560980124,100002.02696600986,0.004527660565994479,-23236705.149854075,0.0,-23236705.149854075,0.0,-23236683.382831044,0.0
677.5,203.43638013119306,313.15000000000003,2272.2108440251304,0.0,2272.2108440251304,0.0,2272.2108594073156,0.0,99999.99275020833,0.0,99999.99275020833,0.0,99999.99342717821,0.0,120.0368394108241,0.0,120.0368394108241,0.0,120.03691461678115,0.0,2272.2570568457013,0.00025132731550824727,2272.2570568457013,0.00025132731550824727,2272.2570533180215,0.0002513273159235976,100002.03307177933,0.004527661588881075,100002.03307177933,0.004527661588881075,100002.03291652614,0.004527661596363611,-23236595.473522138,0.0,-23236595.473522138,0.0,-23236573.407274973,0.0
687.5,203.42876749472842,313.15000000000003,2272.2108443826987,0.0,2272.2108443826987,0.0,2272.2108591809374,0.0,99999.99276594553,0.0,99999.99276594553,0.0,99999.99341721596,0.0,120.03825740470816,0.0,120.03825740470816,0.0,120.03833388842975,0.0,2272.257218838421,0.00025132738435274036,2272.257218838421,0.00025132738435274036,2272.2572145060444,0.00025132738469785525,100002.04020107891,0.004527662829114618,100002.04020107891,0.004527662829114618,100002.04001041102,0.004527662835331862,-23236463.1736507,0.0,-23236463.1736507,0.0,-23236440.76418195,0.0
697.5,203.42575194252905,313.15000000000003,2272.210842076989,0.0,2272.210842076989,0.0,2272.2108593783787,0.0,99999.99266447155,0.0,99999.99266447155,0.0,99999.99342590562,0.0,120.0388186153962,0.0,120.0388186153962,0.0,120.03889610211922,0.0,2272.2572802638597,0.00025132741131375007,2272.2572802638597,0.00025132741131375007,2272.257278283139,0.00025132741193421187,100002.04290441245,0.004527663314817207,100002.04290441245,0.004527663314817207,100002.04281724094,0.004527663325994827,-23236410.83338817,0.0,-23236410.83338817,0.0,-23236388.22485046,0.0
707.5,203.41411697840755,313.15000000000003,2272.2108456130504,0.0,2272.2108456130504,0.0,2272.2108591709634,0.0,99999.99282009457,0.0,99999.99282009457,0.0,99999.9934167783,0.0,120.04098622959316,0.0,120.04098622959316,0.0,120.04106519876764,0.0,2272.2575274721903,0.0002513275164978302,2272.2575274721903,0.0002513275164978302,2272.2575214687536,0.00025132751670057385,100002.0537840511,0.004527665209708411,100002.0537840511,0.004527665209708411,100002.05351983983,0.004527665213360838,-23236208.585823543,0.0,-23236208.585823543,0.0,-23236185.50628934,0.0
717.5,203.43897800022177,313.15000000000003,2272.210823402678,0.0,2272.210823402678,0.0,2272.210856292546,0.0,99999.99184261402,0.0,99999.99184261402,0.0,99999.993290097,0.0,120.0363515601075,0.0,120.0363515601075,0.0,120.0364301029768,0.0,2272.2569812852817,0.00025132728972808216,2272.2569812852817,0.00025132728972808216,2272.2569948208998,0.00025132729206886527,100002.02974636524,0.0045276611244514,100002.02974636524,0.0045276611244514,100002.03034206781,0.0045276611666206085,-23236641.151847806,0.0,-23236641.151847806,0.0,-23236618.640837524,0.0
727.5,203.40495658429535,313.15000000000003,2272.2108507352823,0.0,2272.2108507352823,0.0,2272.2108526061907,0.0,99999.9930455248,0.0,99999.9930455248,0.0,99999.99312786345,0.0,120.04269112479186,0.0,120.04269112479186,0.0,120.04277256682136,0.0,2272.2577226201765,0.0002513275993435387,2272.2577226201765,0.0002513275993435387,2272.257704388208,0.0002513275982409739,100002.06237251397,0.004527666702173849,100002.06237251397,0.004527666702173849,100002.061570125,0.004527666682311146,-23236049.83917719,0.0,-23236049.83917719,0.0,-23236025.842703734,0.0
730.0,203.40091471247595,313.15000000000003,2272.2108483451425,0.0,2272.2108483451425,0.0,2272.210859605688,0.0,99999.99294033511,0.0,99999.99294033511,0.0,99999.99343591163,0.0,120.04344445928153,0.0,120.04344445928153,0.0,120.04352642109545,0.0,2272.2578032316765,0.0002513276353120101,2272.2578032316765,0.0002513276353120101,2272.2577943944298,0.00025132763524821376,100002.06592022609,0.004527667350145863,100002.06592022609,0.004527667350145863,100002.06553129887,0.004527667348996571,-23235979.402549475,0.0,-23235979.402549475,0.0,-23235955.49652477,0.0
740.0,203.39241030727146,313.15000000000003,2272.2108436927156,0.0,2272.2108436927156,0.0,2272.21085946532,0.0,99999.99273558253,0.0,99999.99273558253,0.0,99999.9934297348,0.0,120.04502897759885,0.0,120.04502897759885,0.0,120.04511176955124,0.0,2272.257972119405,0.0002513277109020363,2272.257972119405,0.0002513277109020363,2272.257967706037,0.00025132771133710616,100002.07335297501,0.004527668711900184,100002.07335297501,0.004527668711900184,100002.07315874269,0.004527668719737968,-23235831.34546999,0.0,-23235831.34546999,0.0,-23235807.33383742,0.0
750.0,203.42756721536745,313.15000000000003,2272.210813641416,0.0,2272.210813641416,0.0,2272.2108520772017,0.0,99999.99141302185,0.0,99999.99141302185,0.0,99999.99310458069,0.0,120.03847572389888,0.0,120.03847572389888,0.0,120.03855728741335,0.0,2272.2572141218334,0.00025132739180187895,2272.2572141218334,0.00025132739180187895,2272.2572327332646,0.0002513273947484374,100002.0399935019,0.004527662963310849,100002.0399935019,0.004527662963310849,100002.04081259095,0.004527663016393101,-23236442.936249606,0.0,-23236442.936249606,0.0,-23236419.778455842,0.0
760.0,203.37714689365689,313.15000000000003,2272.2108502561387,0.0,2272.2108502561387,0.0,2272.2108438782616,0.0,99999.99302444006,0.0,99999.99302444006,0.0,99999.99274374971,0.0,120.04787090303202,0.0,120.04787090303202,0.0,120.047956177003,0.0,2272.258286537731,0.0002513278477852652,2272.258286537731,0.0002513278477852652,2272.258259343866,0.00025132784575783917,100002.08719052552,0.0045276711778515525,100002.08719052552,0.0045276711778515525,100002.08599372354,0.004527671141327474,-23235566.449917912,0.0,-23235566.449917912,0.0,-23235541.270120505,0.0
770.0,203.40395156813395,313.15000000000003,2272.2108207717188,0.0,2272.2108207717188,0.0,2272.21085574498,0.0,99999.99172682855,0.0,99999.99172682855,0.0,99999.99326600163,0.0,120.04287571312025,0.0,120.04287571312025,0.0,120.04296008838074,0.0,2272.2577135431675,0.0002513276050478671,2272.2577135431675,0.0002513276050478671,2272.257728201076,0.00025132760760052927,100002.0619730348,0.004527666804937326,100002.0619730348,0.004527666804937326,100002.06261812936,0.004527666850923534,-23236032.32917825,0.0,-23236032.32917825,0.0,-23236008.365256406,0.0
780.0,203.36118664505875,313.15000000000003,2272.2108502594606,0.0,2272.2108502594606,0.0,2272.210848378807,0.0,99999.99302458766,0.0,99999.99302458766,0.0,99999.99294182006,0.0,120.05084413276774,0.0,120.05084413276774,0.0,120.05093138904635,0.0,2272.258602468499,0.00025132798953386167,2272.258602468499,0.00025132798953386167,2272.258579490965,0.0002513279880010054,100002.10109463862,0.004527673731452518,100002.10109463862,0.004527673731452518,100002.10008339737,0.004527673703838113,-23235288.868839014,0.0,-23235288.868839014,0.0,-23235263.286509592,0.0
790.0,203.36056359767977,313.15000000000003,2272.2108391713273,0.0,2272.2108391713273,0.0,2272.2108598716914,0.0,99999.992536599,0.0,99999.992536599,0.0,99999.99344762194,0.0,120.05096060700689,0.0,120.05096060700689,0.0,120.05104812850514,0.0,2272.2586034158007,0.00025132799382392824,2272.2586034158007,0.00025132799382392824,2272.258603189924,0.0002513279947930031,100002.10113632938,0.004527673808738067,100002.10113632938,0.004527673808738067,100002.10112638856,0.004527673826195951,-23235277.662351012,0.0,-23235277.662351012,0.0,-23235252.550762348,0.0
800.0,203.3720620720045,313.15000000000003,2272.2108319736503,0.0,2272.2108319736503,0.0,2272.210859203135,0.0,99999.99221982827,0.0,99999.99221982827,0.0,99999.9934181978,0.0,120.04881749729132,0.0,120.04881749729132,0.0,120.04890480924666,0.0,2272.2583694756568,0.0002513278909878497,2272.2583694756568,0.0002513278909878497,2272.25837585371,0.0002513278926818553,100002.09084062366,0.004527671956146113,100002.09084062366,0.004527671956146113,100002.09112132175,0.004527671986663623,-23235477.750188693,0.0,-23235477.750188693,0.0,-23235452.846985098,0.0
810.0,203.37588377692413,313.15000000000003,2272.210836631071,0.0,2272.210836631071,0.0,2272.2108596695434,0.0,99999.992424801,0.0,99999.992424801,0.0,99999.99343872406,0.0,120.04810453734206,0.0,120.04810453734206,0.0,120.0481924606815,0.0,2272.258298298196,0.0002513278575219265,2272.258298298196,0.0002513278575219265,2272.258300324972,0.00025132785874616763,100002.08770810362,0.004527671353257506,100002.08770810362,0.004527671353257506,100002.08779730203,0.00452767137531221,-23235544.589223858,0.0,-23235544.589223858,0.0,-23235519.42740997,0.0
820.0,203.4116969453937,313.15000000000003,2272.2108120270823,0.0,2272.2108120270823,0.0,2272.210851556699,0.0,99999.99134197645,0.0,99999.99134197645,0.0,99999.99308167474,0.0,120.04142882679659,0.0,120.04142882679659,0.0,120.04151595309378,0.0,2272.257545356578,0.0002513275345669426,2272.257545356578,0.0002513275345669426,2272.2575640966297,0.00025132753761176877,100002.05457114299,0.004527665535223472,100002.05457114299,0.004527665535223472,100002.05539589268,0.004527665590076014,-23236167.832273494,0.0,-23236167.832273494,0.0,-23236143.2650674,0.0
830.0,203.37454204786397,313.15000000000003,2272.2108494523477,0.0,2272.2108494523477,0.0,2272.210851169204,0.0,99999.99298906546,0.0,99999.99298906546,0.0,99999.9930646243,0.0,120.04835168333727,0.0,120.04835168333727,0.0,120.04844211349825,0.0,2272.258338495408,0.00025132787089241946,2272.258338495408,0.00025132787089241946,2272.258318542355,0.00025132786974182064,100002.0894771829,0.0045276715941269365,100002.0894771829,0.0045276715941269365,100002.08859904905,0.004527671573398899,-23235522.285438877,0.0,-23235522.285438877,0.0,-23235495.966924306,0.0
840.0,203.36900964061763,313.15000000000003,2272.210840882562,0.0,2272.210840882562,0.0,2272.2108596568005,0.0,99999.9926119097,0.0,99999.9926119097,0.0,99999.99343816384,0.0,120.04938249598929,0.0,120.04938249598929,0.0,120.04947380591547,0.0,2272.258439648239,0.000251327919112234,2272.258439648239,0.000251327919112234,2272.2584367694362,0.00025132791984887516,100002.09392891898,0.004527672462806895,100002.09392891898,0.004527672462806895,100002.0938022229,0.004527672476077486,-23235425.815348815,0.0,-23235425.815348815,0.0,-23235399.677627757,0.0
850.0,203.38723594654232,313.15000000000003,2272.2108265339216,0.0,2272.2108265339216,0.0,2272.2108577864906,0.0,99999.99198042451,0.0,99999.99198042451,0.0,99999.99335584993,0.0,120.04598542434769,0.0,120.04598542434769,0.0,120.04607624198744,0.0,2272.2580609972993,0.000251327755253803,2272.2580609972993,0.000251327755253803,2272.2580707649654,0.00025132775736986455,100002.07726449115,0.004527669510897261,100002.07726449115,0.004527669510897261,100002.07769436612,0.00452766954901811,-23235742.887763806,0.0,-23235742.887763806,0.0,-23235717.17250231,0.0
860.0,203.36786285478408,313.15000000000003,2272.210845845558,0.0,2272.210845845558,0.0,2272.2108569463053,0.0,99999.99283033125,0.0,99999.99283033125,0.0,99999.99331887506,0.0,120.04959484909872,0.0,120.04959484909872,0.0,120.04968742192166,0.0,2272.25846757333,0.00025132792985144424,2272.25846757333,0.00025132792985144424,2272.2584567200674,0.000251327929732061,100002.09515790225,0.004527672656273768,100002.09515790225,0.004527672656273768,100002.09468025016,0.0045276726541230786,-23235406.3199015,0.0,-23235406.3199015,0.0,-23235379.672798093,0.0
870.0,203.38535644699368,313.15000000000003,2272.2108268303587,0.0,2272.2108268303587,0.0,2272.2108578694874,0.0,99999.99199347087,0.0,99999.99199347087,0.0,99999.99335950281,0.0,120.0463343689541,0.0,120.0463343689541,0.0,120.04642660292589,0.0,2272.2580994442405,0.00025132777206357033,2272.2580994442405,0.00025132777206357033,2272.258108743089,0.00025132777415137595,100002.07895654102,0.00452766981372522,100002.07895654102,0.00452766981372522,100002.07936578334,0.004527669851337038,-23235710.516461264,0.0,-23235710.516461264,0.0,-23235684.430377346,0.0
880.0,203.3538794873894,313.15000000000003,2272.2108481457535,0.0,2272.2108481457535,0.0,2272.2108536663295,0.0,99999.99293156403,0.0,99999.99293156403,0.0,99999.99317452456,0.0,120.05219916639648,0.0,120.05219916639648,0.0,120.05229366315297,0.0,2272.2587441856554,0.0002513280540134237,2272.2587441856554,0.0002513280540134237,2272.258727380467,0.0002513280532719342,100002.10733161068,0.004527674893051828,100002.10733161068,0.004527674893051828,100002.10659201434,0.004527674879693894,-23235163.32912384,0.0,-23235163.32912384,0.0,-23235136.053797524,0.0
890.0,203.35294716853252,313.15000000000003,2272.210838046722,0.0,2272.210838046722,0.0,2272.2108600858896,0.0,99999.9924871058,0.0,99999.9924871058,0.0,99999.99345704945,0.0,120.05237304856023,0.0,120.05237304856023,0.0,120.05246777662774,0.0,2272.2587520757866,0.0002513280611365997,2272.2587520757866,0.0002513280611365997,2272.2587519083195,0.00025132806222632564,100002.10767885538,0.004527675021375843,100002.10767885538,0.004527675021375843,100002.10767148512,0.004527675041007256,-23235146.819697432,0.0,-23235146.819697432,0.0,-23235119.87916623,0.0
900.0,203.35305584201694,313.15000000000003,2272.2108374648546,0.0,2272.2108374648546,0.0,2272.210859711008,0.0,99999.99246149778,0.0,99999.99246149778,0.0,99999.99344055091,0.0,120.05235260251705,0.0,120.05235260251705,0.0,120.05244750126911,0.0,2272.2587494134805,0.00025132806011391,2272.2587494134805,0.00025132806011391,2272.258749423703,0.00025132806122413133,100002.10756168725,0.004527675002952089,100002.10756168725,0.004527675002952089,100002.10756213719,0.004527675022952726,-23235148.748045243,0.0,-23235148.748045243,0.0,-23235121.768338595,0.0
910.0,203.38874819775103,313.15000000000003,2272.210811026885,0.0,2272.210811026885,0.0,2272.21085231828,0.0,99999.99129795974,0.0,99999.99129795974,0.0,99999.99311519388,0.0,120.04570047005646,0.0,120.04570047005646,0.0,120.04579405354092,0.0,2272.2580153517692,0.0002513277400491509,2272.2580153517692,0.0002513277400491509,2272.2580347484154,0.00025132774326466246,100002.07525563135,0.004527669236985454,100002.07525563135,0.004527669236985454,100002.07610927775,0.004527669294912894,-23235769.652351886,0.0,-23235769.652351886,0.0,-23235743.46182992,0.0
912.5,203.3776711781751,313.15000000000003,2272.2108603422134,0.0,2272.2108603422134,0.0,2272.210859360103,0.0,99999.99346832818,0.0,99999.99346832818,0.0,99999.99342510548,0.0,120.04776497263167,0.0,120.04776497263167,0.0,120.04785926620208,0.0,2272.258287747854,0.00025132784427323284,2272.258287747854,0.00025132784427323284,2272.258264360035,0.00025132784280390384,100002.08724378304,0.0045276711145822894,100002.08724378304,0.0045276711145822894,100002.08621448514,0.004527671088112328,-23235577.943553668,0.0,-23235577.943553668,0.0,-23235550.561790124,0.0
