P_bar,T_K,K_CO2,K_H2O
190.0,290.0,34.306464760227705,0.003220062152810092
190.0,292.05882352941177,35.02792432900385,0.0034022133989742662
190.0,294.11764705882354,35.72714903073608,0.0035914573137981235
190.0,296.1764705882353,36.40416909393294,0.0037879118284010393
190.0,298.2352941176471,37.05907257888898,0.003991693768337276
190.0,300.29411764705884,37.692002920397734,0.004202920084304127
190.0,302.3529411764706,38.303156099270645,0.0044217094699097815
190.0,304.4117647058824,38.89277747593822,0.004648184444615743
190.0,306.47058823529414,39.461158309662856,0.004882473987191594
190.0,308.52941176470586,40.00863197795046,0.005124716812840124
190.0,310.5882352941176,40.535569902791636,0.005375065392215833
190.0,312.6470588235294,41.04237718375485,0.005633690810791312
190.0,314.70588235294116,41.52948793316738,0.005900788559668592
190.0,316.7647058823529,41.99736030644564,0.006176585330490409
190.0,318.8235294117647,42.44647122158144,0.006461346861719027
190.0,320.88235294117646,42.87731077006533,0.00675538677463431
190.0,322.94117647058823,43.29037632658899,0.007059076422082968
190.0,325.0,43.68616639441129,0.007372855410507066
190.0,327.05882352941177,44.0651742392738,0.0076972425803646235
190.0,329.11764705882354,44.42788140485457,0.00803284693886644
190.0,331.1764705882353,44.77475124106514,0.008380377937665502
190.0,333.2352941176471,45.10622262006012,0.008740654352537522
190.0,335.29411764705884,45.42270405584295,0.009114610943483176
190.0,337.3529411764706,45.724568474879305,0.009503302080052765
190.0,339.4117647058823,46.01214889882484,0.009907901638053006
190.0,341.47058823529414,46.28573528858761,0.010329698724550269
190.0,343.52941176470586,46.54557275641588,0.010770089156245728
190.0,345.5882352941176,46.79186127942873,0.011230563057739677
190.0,347.6470588235294,47.02475695014022,0.011712689388683313
190.0,349.70588235294116,47.24437468926947,0.012218098567479263
190.0,351.7647058823529,47.450792239309536,0.012748464559910766
190.0,353.8235294117647,47.64405517005301,0.013305487803251432
190.0,355.88235294117646,47.824182571696994,0.013890880145731276
190.0,357.94117647058823,47.991173092991836,0.014506352646837785
190.0,360.0,48.14501099951566,0.01515360668134313
195.51724137931035,290.0,34.201718096491135,0.0032324580696878754
195.51724137931035,292.05882352941177,34.91730417485957,0.0034160549195151445
195.51724137931035,294.11764705882354,35.61043399262737,0.003606898590977258
195.51724137931035,296.1764705882353,36.281127705505476,0.0038051216334383754
195.51724137931035,298.2352941176471,36.92946248203845,0.004010856505627966
195.51724137931035,300.29411764705884,37.55557002551167,0.00422423676505159
195.51724137931035,302.3529411764706,38.15963373815468,0.004445398601741996
195.51724137931035,304.4117647058824,38.74188556536978,0.004674482780126559
195.51724137931035,306.47058823529414,39.30260254894104,0.004911637058075251
195.51724137931035,308.52941176470586,39.842103110330115,0.005157019157302955
195.51724137931035,310.5882352941176,40.36074307835038,0.005410800361967987
195.51724137931035,312.6470588235294,40.8589114699827,0.005673169820979834
195.51724137931035,314.70588235294116,41.337026029194526,0.005944339622206181
195.51724137931035,316.7647058823529,41.795528526610916,0.006224550697811519
195.51724137931035,318.8235294117647,42.234879825742745,0.006514079547201515
195.51724137931035,320.88235294117646,42.65555472058449,0.0068132458552034696
195.51724137931035,322.94117647058823,43.05803656677163,0.007122420812922504
195.51724137931035,325.0,43.44281173374494,0.007442036078416708
195.51724137931035,327.05882352941177,43.81036392906911,0.00777259310301512
195.51724137931035,329.11764705882354,44.161168468421664,0.008114672482825361
195.51724137931035,331.1764705882353,44.49568659299168,0.008468942881975633
195.51724137931035,333.2352941176471,44.81435996594912,0.008836168978122857
195.51724137931035,335.29411764705884,45.11760550810599,0.009217217816165949
195.51724137931035,337.3529411764706,45.40581075528565,0.009613062945285073
195.51724137931035,339.4117647058823,45.679329930938,0.010024785778048809
195.51724137931035,341.47058823529414,45.938480922065125,0.010453573760831347
195.51724137931035,343.52941176470586,46.18354332087443,0.010900715180049494
195.51724137931035,345.5882352941176,46.41475764779186,0.011367590727245292
195.51724137931035,347.6470588235294,46.63232580635095,0.011855662267454006
195.51724137931035,349.70588235294116,46.83641274369676,0.012366459546793763
195.51724137931035,351.7647058823529,47.02714921155545,0.0129015657838513
195.51724137931035,353.8235294117647,47.204635452260035,0.013462603176316942
195.51724137931035,355.88235294117646,47.36894558214904,0.014051219305577881
195.51724137931035,357.94117647058823,47.520132416470446,0.01466907525253318
195.51724137931035,360.0,47.65823247746873,0.015317835986057233
201.0344827586207,290.0,34.09873904971989,0.003244326263979936
201.0344827586207,292.05882352941177,34.808620184955096,0.0034292946569821543
201.0344827586207,294.11764705882354,35.49583864560097,0.003621653749219265
201.0344827586207,296.1764705882353,36.16040594685568,0.0038215493470116347
201.0344827586207,298.2352941176471,36.802389942314065,0.004029128032138956
201.0344827586207,300.29411764705884,37.42191233559896,0.004244538306861785
201.0344827586207,302.3529411764706,38.01914584664455,0.004467932046627656
201.0344827586207,304.4117647058824,38.59431107393832,0.0046994663125830925
201.0344827586207,306.47058823529414,39.14767308594428,0.004939305580198449
201.0344827586207,308.52941176470586,39.67953776782712,0.005187624443557969
201.0344827586207,310.5882352941176,40.19024794354705,0.0054446108559784235
201.0344827586207,312.6470588235294,40.68017928853746,0.0057104699654359084
201.0344827586207,314.70588235294116,41.14973604476788,0.005985428596329166
201.0344827586207,316.7647058823529,41.599346548107945,0.0062697404227018486
201.0344827586207,318.8235294117647,42.0294585804019,0.006563691808890337
201.0344827586207,320.88235294117646,42.44053455637133,0.006867608397914121
201.0344827586207,322.94117647058823,42.833046570734,0.0071818622645896816
201.0344827586207,325.0,43.20747133223266,0.007506879605192419
201.0344827586207,327.05882352941177,43.56428502976117,0.00784314874448875
201.0344827586207,329.11764705882354,43.903958191167035,0.00819122820342064
201.0344827586207,331.1764705882353,44.22695061521615,0.008551754485828771
201.0344827586207,333.2352941176471,44.53370647811529,0.008925449170438523
201.0344827586207,335.29411764705884,44.82464973587588,0.009313124842379394
201.0344827586207,337.3529411764706,45.10017995966145,0.009715689381543692
201.0344827586207,339.4117647058823,45.36066874960752,0.010134148157345466
201.0344827586207,341.47058823529414,45.60645687007044,0.010569603770754442
201.0344827586207,343.52941176470586,45.83785223315583,0.011023253136366661
201.0344827586207,345.5882352941176,46.05512882672273,0.011496381899606906
201.0344827586207,347.6470588235294,46.25852663896803,0.01199035641439192
201.0344827586207,349.70588235294116,46.44825257794053,0.012506613732348204
201.0344827586207,351.7647058823529,46.624482326593565,0.013046650240021882
201.0344827586207,353.8235294117647,46.78736301933819,0.013612009694294097
201.0344827586207,355.88235294117646,46.937016581204254,0.014204271429880731
201.0344827586207,357.94117647058823,47.07354354095245,0.014825039445346917
201.0344827586207,360.0,47.197027117419914,0.015475932931586518
206.55172413793105,290.0,33.99745676506448,0.0032556956174162564
206.55172413793105,292.05882352941177,34.701791978216505,0.003441966809064059
206.55172413793105,294.11764705882354,35.383271779812375,0.0036357632806149867
206.55172413793105,296.1764705882353,36.04190029108929,0.003837242901439516
206.55172413793105,298.2352941176471,36.677737415237225,0.004046565065587697
206.55172413793105,300.29411764705884,37.29089634647847,0.004263891783693866
206.55172413793105,302.3529411764706,37.88154074470651,0.004489389059999969
206.55172413793105,304.4117647058824,38.449881620229355,0.004723228586573823
206.55172413793105,306.47058823529414,38.99617396514024,0.004965589802433853
206.55172413793105,308.52941176470586,39.520713161320664,0.005216662365755333
206.55172413793105,310.5882352941176,40.02383118951502,0.005476649087446592
206.55172413793105,312.6470588235294,40.50589265947682,0.005745769371765636
206.55172413793105,314.70588235294116,40.96729067802486,0.006024263203231565
206.55172413793105,316.7647058823529,41.40844256991582,0.0063123957148668065
206.55172413793105,318.8235294117647,41.82978546853564,0.006610462306204855
206.55172413793105,320.88235294117646,42.23177178992722,0.006918794394544256
206.55172413793105,322.94117647058823,42.614864617349006,0.0072377656231323
206.55172413793105,325.0,42.97953302189084,0.007567798524143479
206.55172413793105,327.05882352941177,43.32624735947401,0.007909371456772573
206.55172413793105,329.11764705882354,43.655474595031656,0.00826302562360012
206.55172413793105,331.1764705882353,43.96767371883344,0.008629371903240422
206.55172413793105,333.2352941176471,44.263291334620426,0.009009097182447266
206.55172413793105,335.29411764705884,44.542757513178366,0.009402969829401926
206.55172413793105,337.3529411764706,44.80648201615218,0.00981184393181538
206.55172413793105,339.4117647058823,45.05485100099991,0.010236661938648188
206.55172413793105,341.47058823529414,45.2882243166816,0.01067845540012134
206.55172413793105,343.52941176470586,45.506933489136976,0.011138343599905055
206.55172413793105,345.5882352941176,45.71128047488149,0.011617530011409055
206.55172413793105,347.6470588235294,45.90153723061755,0.012117296674379031
206.55172413793105,349.70588235294116,46.07794610867375,0.012638996758775034
206.55172413793105,351.7647058823529,46.24072104583224,0.013184045736320206
206.55172413793105,353.8235294117647,46.39004947126235,0.01375391169308097
206.55172413793105,355.88235294117646,46.526094822539314,0.014350105371781748
206.55172413793105,357.94117647058823,46.64899953124346,0.014974170523096537
206.55172413793105,360.0,46.75888832404033,0.015627675075164958
212.0689655172414,290.0,33.89780493933379,0.0032665926322162386
212.0689655172414,292.05882352941177,34.596744540766494,0.0034541026527941114
212.0689655172414,294.11764705882354,35.27264851849782,0.00364926407941503
212.0689655172414,296.1764705882353,35.92551468824381,0.0038522458071509435
212.0689655172414,298.2352941176471,36.55539618862261,0.004063218892616499
212.0689655172414,300.29411764705884,37.1623989924821,0.004282357605474822
212.0689655172414,302.3529411764706,37.746679094113404,0.004509840731527391
212.0689655172414,304.4117647058824,38.30843941896584,0.004745853158882236
212.0689655172414,306.47058823529414,38.847926495073956,0.004990587785813177
212.0689655172414,308.52941176470586,39.36542691920708,0.005244247789547749
212.0689655172414,310.5882352941176,39.8612636455033,0.005507049294704096
212.0689655172414,312.6470588235294,40.33579212016416,0.00577922447731595
212.0689655172414,314.70588235294116,40.78939628270224,0.0060610251345441166
212.0689655172414,316.7647058823529,41.22248445219467,0.0063527267478301515
212.0689655172414,318.8235294117647,41.63548511867773,0.006654633002436847
212.0689655172414,320.88235294117646,42.02884265534331,0.006967080850181946
212.0689655172414,322.94117647058823,42.40301297963969,0.007290445943788343
212.0689655172414,325.0,42.758459187463515,0.007625148460681648
212.0689655172414,327.05882352941177,43.095647196737715,0.007971659165487296
212.0689655172414,329.11764705882354,43.41504144362673,0.008330505558071034
212.0689655172414,331.1764705882353,43.7171006847517,0.008702277902930891
212.0689655172414,333.2352941176471,44.00227396913212,0.009087634893608927
212.0689655172414,335.29411764705884,44.27099685337653,0.009487308672756791
212.0689655172414,337.3529411764706,44.52368794147487,0.009902108911445525
212.0689655172414,339.4117647058823,44.76074583482391,0.0103329256571886
212.0689655172414,341.47058823529414,44.98254657729341,0.010780730694536396
212.0689655172414,343.52941176470586,45.18944167286514,0.011246577227669818
212.0689655172414,345.5882352941176,45.3817567389439,0.011731597789438795
212.0689655172414,347.6470588235294,45.559790836941204,0.012237000398739506
212.0689655172414,349.70588235294116,45.72381649437524,0.01276406311590546
212.0689655172414,351.7647058823529,45.8740804016109,0.013314127268293268
212.0689655172414,353.8235294117647,46.01080473451072,0.013888589718943543
212.0689655172414,355.88235294117646,46.13418902488051,0.014488894616123195
212.0689655172414,357.94117647058823,46.24441247680892,0.015116525082062649
212.0689655172414,360.0,46.34163661107799,0.01577299527400486
217.58620689655172,290.0,33.79972140765138,0.003277041691888065
217.58620689655172,292.05882352941177,34.493407719747594,0.0034657308684616726
217.58620689655172,294.11764705882354,35.16388969686367,0.0036621898682655187
217.58620689655172,296.1764705882353,35.811159803081594,0.003866597698429648
217.58620689655172,298.2352941176471,36.43526544681721,0.00407913606339638
217.58620689655172,300.29411764705884,37.0363064971592,0.004299990400851641
217.58620689655172,302.3529411764706,37.61443248657943,0.004529351104719026
217.58620689655172,304.4117647058824,38.16983954662951,0.004767415014762263
217.58620689655172,306.47058823529414,38.702767118478064,0.005014387189074541
217.58620689655172,308.52941176470586,39.21349447355687,0.005270482993718868
217.58620689655172,310.5882352941176,39.702337074621056,0.005535930540775802
217.58620689655172,312.6470588235294,40.16964280345346,0.00581097350326069
217.58620689655172,314.70588235294116,40.615788078394225,0.006095874330113597
217.58620689655172,316.7647058823529,41.04117388263897,0.006390917883713312
217.58620689655172,318.8235294117647,41.4462217255822,0.0066964154588001305
217.58620689655172,320.88235294117646,41.83136955415711,0.007012709272908959
217.58620689655172,322.94117647058823,42.19706764262083,0.007340177260107919
217.58620689655172,325.0,42.54377448357963,0.007679238201457996
217.58620689655172,327.05882352941177,42.87195271318129,0.008030357063021933
217.58620689655172,329.11764705882354,43.18206510779315,0.00839405042072448
217.58620689655172,331.1764705882353,43.474570696689426,0.008770891810575563
217.58620689655172,333.2352941176471,43.74992104255343,0.009161516810022604
217.58620689655172,335.29411764705884,44.00855674842822,0.009566627629808172
217.58620689655172,337.3529411764706,44.250904255170475,0.009986996980510083
217.58620689655172,339.4117647058823,44.47737299634607,0.01042347097886134
217.58620689655172,341.47058823529414,44.68835297678499,0.010876970880137227
217.58620689655172,343.52941176470586,44.884212835739014,0.011348493466740052
217.58620689655172,345.5882352941176,45.06529844518977,0.01183910998918054
217.58620689655172,347.6470588235294,45.231932078318586,0.012349963640051424
217.58620689655172,349.70588235294116,45.38441216316,0.012882265636914327
217.58620689655172,351.7647058823529,45.52301361333774,0.013437290085995146
217.58620689655172,353.8235294117647,45.64798870348445,0.014016367883708605
217.58620689655172,355.88235294117646,45.759568433730756,0.01462087997648372
217.58620689655172,357.94117647058823,45.85796430774661,0.01525225033320378
217.58620689655172,360.0,45.94337043410233,0.015911938985206816
223.10344827586206,290.0,33.70314777824695,0.0032870652976996614
223.10344827586206,292.05882352941177,34.39171577814031,0.003476877836634698
223.10344827586206,294.11764705882354,35.05692131909324,0.003674571573029819
223.10344827586206,296.1764705882353,35.698752352868624,0.0038803347957167924
223.10344827586206,298.2352941176471,36.317251462300156,0.00409435897635064
223.10344827586206,300.29411764705884,36.912513386234416,0.004316839755543562
223.10344827586206,302.3529411764706,37.484682238578976,0.004547978107290062
223.10344827586206,304.4117647058824,38.033948470232374,0.004787981737084559
223.10344827586206,306.47058823529414,38.560545617121385,0.005037066732916251
223.10344827586206,308.52941176470586,39.06474687148204,0.00529545949642187
223.10344827586206,310.5882352941176,39.54686150862154,0.005563398979568533
223.10344827586206,312.6470588235294,40.00723119738828,0.005841139249543975
223.10344827586206,314.70588235294116,40.446226219477595,0.006128952399804764
223.10344827586206,316.7647058823529,40.86424162028362,0.006427131825845496
223.10344827586206,318.8235294117647,41.26169331500323,0.006735995821535581
223.10344827586206,320.88235294117646,41.6390141676731,0.007055891589265388
223.10344827586206,322.94117647058823,41.996650071576,0.007387199498126548
223.10344827586206,325.0,42.335056052447996,0.007730337635881681
223.10344827586206,327.05882352941177,42.6546924245733,0.00808576654191052
223.10344827586206,329.11764705882354,42.95602103235413,0.008453994024950973
223.10344827586206,331.1764705882353,43.23950161502657,0.008835579936212281
223.10344827586206,333.2352941176471,43.50558833725177,0.00923114074271309
223.10344827586206,335.29411764705884,43.75472653301143,0.009641353724531681
223.10344827586206,337.3529411764706,43.98734971390251,0.010066960606459003
223.10344827586206,339.4117647058823,44.203876894747005,0.010508770432925725
223.10344827586206,341.47058823529414,44.404710288681706,0.010967661508063716
223.10344827586206,343.52941176470586,44.59023341984961,0.01144458225240742
223.10344827586206,345.5882352941176,44.76080969409435,0.011940550874149846
223.10344827586206,347.6470588235294,44.91678145654658,0.012456653813979954
223.10344827586206,349.70588235294116,45.05846955014305,0.012994042993693876
223.10344827586206,351.7647058823529,45.186173371709536,0.013553931973311442
223.10344827586206,353.8235294117647,45.30017140363758,0.014137591191317862
223.10344827586206,355.88235294117646,45.40072218088755,0.014746342519816345
223.10344827586206,357.94117647058823,45.488065636729196,0.015381553404204686
223.10344827586206,360.0,45.56242475768578,0.016044630871302167
228.6206896551724,290.0,33.608029109551666,0.0032966842530670593
228.6206896551724,292.05882352941177,34.291607002644305,0.0034875678806043746
228.6206896551724,294.11764705882354,34.95167408272497,0.0036864376191047383
228.6206896551724,296.1764705882353,35.58821452923026,0.003893490299534992
228.6206896551724,298.2352941176471,36.20126689365297,0.0041089263734918275
228.6206896551724,300.29411764705884,36.79092163513234,0.004332950834107581
228.6206896551724,302.3529411764706,37.35731835634693,0.004565774329892271
228.6206896551724,304.4117647058824,37.90064279116632,0.004807614478969031
228.6206896551724,306.47058823529414,38.421123588190596,0.005058697410714425
228.6206896551724,308.52941176470586,38.91902892877552,0.005319259556089241
228.6206896551724,310.5882352941176,39.3946630132582,0.005589549707374412
228.6206896551724,312.6470588235294,39.84836244510236,0.0058698313654577975
228.6206896551724,314.70588235294116,40.280492539506895,0.006160385388600722
228.6206896551724,316.7647058823529,40.69144358041871,0.006461512958371981
228.6206896551724,318.8235294117647,41.08162705059968,0.006773538816302166
228.6206896551724,320.88235294117646,41.451471852770084,0.007096814867421205
228.6206896551724,322.94117647058823,41.80142055003881,0.007431723986679564
228.6206896551724,325.0,42.131925645759395,0.0077786840839027165
228.6206896551724,327.05882352941177,42.44344593048351,0.008138152327049928
228.6206896551724,329.11764705882354,42.73644292477808,0.008510629446402185
228.6206896551724,331.1764705882353,43.01137745018414,0.008896664014684249
228.6206896551724,333.2352941176471,43.26870636403273,0.009296856577721366
228.6206896551724,335.29411764705884,43.50887949698029,0.009711863493151932
228.6206896551724,337.3529411764706,43.732336834507976,0.010142400323436525
228.6206896551724,339.4117647058823,43.93950598466023,0.010589244626563445
228.6206896551724,341.47058823529414,44.130799973446855,0.011053237995728
228.6206896551724,343.52941176470586,44.30661540609555,0.011535287219483829
228.6206896551724,345.5882352941176,44.46733102641063,0.012036364466835398
228.6206896551724,347.6470588235294,44.613306697771556,0.01255750644634033
228.6206896551724,349.70588235294116,44.74488281805843,0.01309981254164226
228.6206896551724,351.7647058823529,44.86238016752478,0.013664441983558862
228.6206896551724,353.8235294117647,44.966100174272896,0.014252610175304024
228.6206896551724,355.88235294117646,45.056325567565445,0.014865584336783156
228.6206896551724,357.94117647058823,45.133321375938046,0.015504678670788691
228.6206896551724,360.0,45.19733621601698,0.016171249274529054
234.13793103448276,290.0,33.5143136224611,0.003305917842019739
234.13793103448276,292.05882352941177,34.19302335597976,0.0034978234930203808
234.13793103448276,294.11764705882354,34.84808295861438,0.0036978142131103495
234.13793103448276,296.1764705882353,35.4794734911814,0.00390609472651115
234.13793103448276,298.2352941176471,36.08723017293998,0.0041228737625036245
234.13793103448276,300.29411764705884,36.67143992887662,0.004348364906818151
234.13793103448276,302.3529411764706,37.232238642038304,0.004582787682301589
234.13793103448276,304.4117647058824,37.76980816622855,0.004826368778733769
234.13793103448276,306.47058823529414,38.28437314278906,0.005079343497228026
234.13793103448276,308.52941176470586,38.776197661571416,0.005341957414927823
234.13793103448276,310.5882352941176,39.24558180089163,0.005614468288461972
234.13793103448276,312.6470588235294,39.692858077297515,0.005897148210740303
234.13793103448276,314.70588235294116,40.11838783271312,0.006190286031905485
234.13793103448276,316.7647058823529,40.522557583752175,0.006494190057998348
234.13793103448276,318.8235294117647,40.90577535843575,0.006809190979148054
234.13793103448276,320.88235294117646,41.26846703844077,0.007135645126101412
234.13793103448276,322.94117647058823,41.61107273472291,0.007473937892449363
234.13793103448276,325.0,41.93404321545028,0.007824487386179297
234.13793103448276,327.05882352941177,42.2378364118697,0.008187748220171775
234.13793103448276,329.11764705882354,42.52291402773221,0.008564215378864449
234.13793103448276,331.1764705882353,42.78973828027,0.008954428074970223
234.13793103448276,333.2352941176471,43.03876880293477,0.009358973493776561
234.13793103448276,335.29411764705884,43.27045974212337,0.009778490308693167
234.13793103448276,337.3529411764706,43.48525708155367,0.010213671842141536
234.13793103448276,339.4117647058823,43.68359622838653,0.010665268742561655
234.13793103448276,341.47058823529414,43.865899894238545,0.011134091052961662
234.13793103448276,343.52941176470586,44.03257630152629,0.011621009560362851
234.13793103448276,345.5882352941176,44.18401774088951,0.012126956339141761
234.13793103448276,347.6470588235294,44.320599498668074,0.012652924434127969
234.13793103448276,349.70588235294116,44.442679164745215,0.01319996666952629
234.13793103448276,351.7647058823529,44.55059632080308,0.013769193614420855
234.13793103448276,353.8235294117647,44.64467259785288,0.014361770780863899
234.13793103448276,355.88235294117646,44.725212080478364,0.014978915172102328
234.13793103448276,357.94117647058823,44.79250202448802,0.01562189133221246
234.13793103448276,360.0,44.84681384537175,0.01629200707094523
239.6551724137931,290.0,33.42195244386343,0.00331478397726121
239.6551724137931,292.05882352941177,34.09591016881868,0.0035076655072268036
239.6551724137931,294.11764705882354,34.7460868199648,0.0037087255688560273
239.6551724137931,296.1764705882353,35.372460918335044,0.003918176207722526
239.6551724137931,298.2352941176471,35.97506496869178,0.0041362337783678055
239.6551724137931,300.29411764705884,36.55398301642708,0.0043631197987478105
239.6551724137931,302.3529411764706,37.10934791777961,0.004599061949790636
239.6551724137931,304.4117647058824,37.64133837567404,0.004844295247243091
239.6551724137931,306.47058823529414,38.15017578756096,0.005099063394904977
239.6551724137931,308.52941176470586,38.63612094570354,0.005363620336803464
239.6551724137931,310.5882352941176,39.099470625623574,0.005638232021969163
239.6551724137931,312.6470588235294,39.54055409435618,0.0059231783935687465
239.6551724137931,314.70588235294116,39.95972956681028,0.006218755610785265
239.6551724137931,316.7647058823529,40.35738063559262,0.006525278515417458
239.6551724137931,318.8235294117647,40.733912699877905,0.006843083293693041
239.6551724137931,320.88235294117646,41.08974941138339,0.007172530434460588
239.6551724137931,322.94117647058823,41.42532916485788,0.007514007822222841
239.6551724137931,325.0,41.74110165091606,0.007867934035110867
239.6551724137931,327.05882352941177,42.037524495080014,0.008234761765215148
239.6551724137931,329.11764705882354,42.315060006067924,0.008614981309996685
239.6551724137931,331.1764705882353,42.574172057859705,0.009009124063414893
239.6551724137931,333.2352941176471,42.81532313138351,0.009417765922204622
239.6551724137931,335.29411764705884,43.03897154284229,0.009841530511386165
239.6551724137931,337.3529411764706,43.24556888643409,0.010281092125014256
239.6551724137931,339.4117647058823,43.43555771920675,0.010737178274761859
239.6551724137931,341.47058823529414,43.60936951475071,0.011210571741564446
239.6551724137931,343.52941176470586,43.76742291009402,0.01170211203518886
239.6551724137931,345.5882352941176,43.910122266339656,0.01221269618375691
239.6551724137931,347.6470588235294,44.03785655821824,0.012743278799648554
239.6551724137931,349.70588235294116,44.15099860092241,0.013294871398738948
239.6551724137931,351.7647058823529,44.24990461454342,0.013868540984614812
239.6551724137931,353.8235294117647,44.334914117621196,0.01446540794555453
239.6551724137931,355.88235294117646,44.406350132222286,0.015086643346547735
239.6551724137931,357.94117647058823,44.46451967425845,0.0157334657283108
239.6551724137931,360.0,44.50971449500611,0.016407137547376466
245.17241379310346,290.0,33.33089937702185,0.0033232993314255737
245.17241379310346,292.05882352941177,34.00021586435335,0.003517113269555838
245.17241379310346,294.11764705882354,34.64562811224533,0.003719194123921185
245.17241379310346,296.1764705882353,35.26711261659307,0.0039297607260478295
245.17241379310346,298.2352941176471,35.86469971326678,0.0041490364919746356
245.17241379310346,300.29411764705884,36.43847114485394,0.004377250274622514
245.17241379310346,302.3529411764706,36.988557348799894,0.004614637267599012
245.17241379310346,304.4117647058824,37.51513451409575,0.004861440151198202
245.17241379310346,306.47058823529414,38.018421458374135,0.005117910348552951
245.17241379310346,308.52941176470586,38.4986763639859,0.005384309479462726
245.17241379310346,310.5882352941176,38.95619341017263,0.005660911001565629
245.17241379310346,312.6470588235294,39.391299333489975,0.005948002051155135
245.17241379310346,314.70588235294116,39.80434994528759,0.006245885490135078
245.17241379310346,316.7647058823529,40.19572663197398,0.006554882169894645
245.17241379310346,318.8235294117647,40.56583286381184,0.006875333361623362
245.17241379310346,320.88235294117646,40.91509073014354,0.0072076034562530145
245.17241379310346,322.94117647058823,41.24393752797189,0.00755208277348383
245.17241379310346,325.0,41.55282242073643,0.007909190555220763
245.17241379310346,327.05882352941177,41.84220318962141,0.00827937806712433
245.17241379310346,329.11764705882354,42.112543098285826,0.008663131766136853
245.17241379310346,331.1764705882353,42.36430789272065,0.009060976474300061
245.17241379310346,333.2352941176471,42.59796295857784,0.009473478488408888
245.17241379310346,335.29411764705884,42.813970658854956,0.00990124854572893
245.17241379310346,337.3529411764706,43.012787875033304,0.010344944559146148
245.17241379310346,339.4117647058823,43.1948637744253,0.01080527403187756
245.17241379310346,341.47058823529414,43.36063782537436,0.01128299606318618
245.17241379310346,343.52941176470586,43.510538079872376,0.011778922863282606
245.17241379310346,345.5882352941176,43.644979739968605,0.012293920708150117
245.17241379310346,347.6470588235294,43.76436401999112,0.012828910283329494
245.17241379310346,349.70588235294116,43.86907731116729,0.013384866389028163
245.17241379310346,351.7647058823529,43.95949064882287,0.013962817005973504
245.17241379310346,353.8235294117647,44.03595947533577,0.014563841750281189
245.17241379310346,355.88235294117646,44.098823684711036,0.015189069774009935
245.17241379310346,357.94117647058823,44.14840792758714,0.01583967719365162
245.17241379310346,360.0,44.185022147574365,0.016516884182628158
250.68965517241378,290.0,33.241110695418605,0.0033314794526471798
250.68965517241378,292.05882352941177,33.905891712269074,0.003526184780478284
250.68965517241378,294.11764705882354,34.54665256012592,0.0037292406984466868
250.68965517241378,296.1764705882353,35.16336816755106,0.0039408723414637
250.68965517241378,298.2352941176471,35.75606718458026,0.004161309693015729
250.68965517241378,300.29411764705884,36.32482956138009,0.004390788370310631
250.68965517241378,302.3529411764706,36.869783850324666,0.004629550527740671
250.68965517241378,304.4117647058824,37.39110428456778,0.004877845910951569
250.68965517241378,306.47058823529414,37.889007681119594,0.005135933052496504
250.68965517241378,308.52941176470586,38.36375020968882,0.005404080632200118
250.68965517241378,310.5882352941176,38.815624064263105,0.005682569007705565
250.68965517241378,312.6470588235294,39.24495407009567,0.005971691923473334
250.68965517241378,314.70588235294116,39.65209425525748,0.0062717584032308165
250.68965517241378,316.7647058823529,40.037424412694996,0.006583094835760797
250.68965517241378,318.8235294117647,40.4013466785897,0.006906047202846385
250.68965517241378,320.88235294117646,40.744282144691994,0.007240983554250156
250.68965517241378,322.94117647058823,41.06666753105961,0.007588296570157866
250.68965517241378,325.0,41.368951935145994,0.007948406290617811
250.68965517241378,327.05882352941177,41.65159367825658,0.00832176294082211
250.68965517241378,329.11764705882354,41.915057268456025,0.008708849817429809
250.68965517241378,331.1764705882353,42.15981049931255,0.009110186185585584
250.68965517241378,333.2352941176471,42.38632170398318,0.009526330127437215
250.68965517241378,335.29411764705884,42.59505718421144,0.009957881275236977
250.68965517241378,337.3529411764706,42.78647883363065,0.01040548335631309
250.68965517241378,339.4117647058823,42.96104197417351,0.010869826474185851
250.68965517241378,341.47058823529414,43.11919342322815,0.011351649050611933
250.68965517241378,343.52941176470586,43.26136980729098,0.011851739358069619
250.68965517241378,345.5882352941176,43.387996135140504,0.012370936581458426
250.68965517241378,347.6470588235294,43.49948463996017,0.012910131361643195
250.68965517241378,349.70588235294116,43.59623389541964,0.013470265791433546
250.68965517241378,351.7647058823529,43.67862820555725,0.014052332855784427
250.68965517241378,353.8235294117647,43.747037262659106,0.014657375331090489
250.68965517241378,355.88235294117646,43.80181606143479,0.015286484181740681
250.68965517241378,357.94117647058823,43.843305050648574,0.015940796545175658
250.68965517241378,360.0,43.87183050732611,0.01662149320151399
256.2068965517241,290.0,33.1525449571338,0.003339338866674183
256.2068965517241,292.05882352941177,33.81289160795362,0.0035348968205460296
256.2068965517241,294.11764705882354,34.44910890459676,0.003738884660767076
256.2068965517241,296.1764705882353,35.06117061608392,0.003951533393767401
256.2068965517241,298.2352941176471,35.64910413630421,0.004173079100857251
256.2068965517241,300.29411764705884,36.21298807341353,0.004403763679705346
256.2068965517241,302.3529411764706,36.75294956567671,0.004643835729557072
256.2068965517241,304.4117647058824,37.269161380109345,0.004893551527635099
256.2068965517241,306.47058823529414,37.76183883942879,0.005153176169293256
256.2068965517241,308.52941176470586,38.231236620693245,0.005422984843417304
256.2068965517241,310.5882352941176,38.677645462381896,0.005703264263579039
256.2068965517241,312.6470588235294,39.10138881297436,0.005994314259365404
256.2068965517241,314.70588235294116,39.50281945041667,0.006296449531701703
256.2068965517241,316.7647058823529,39.88231609852167,0.0066100015813795755
256.2068965517241,318.8235294117647,40.240280066062894,0.006935320759137629
256.2068965517241,320.88235294117646,40.57713192597497,0.007272778543517866
256.2068965517241,322.94117647058823,40.89330826059687,0.0076227698879688935
256.2068965517241,325.0,41.189258488100876,0.007985715720056855
256.2068965517241,327.05882352941177,41.46544178998013,0.008362065525907967
256.2068965517241,329.11764705882354,41.722324157150524,0.008752299991029796
256.2068965517241,331.1764705882353,41.96037557212791,0.00915693365470604
256.2068965517241,333.2352941176471,42.180067344465606,0.009576517527826777
256.2068965517241,335.29411764705884,42.38186961633809,0.01001164161759384
256.2068965517241,337.3529411764706,42.566249054690545,0.010462937297614414
256.2068965517241,339.4117647058823,42.73366674559229,0.010931079459162543
256.2068965517241,341.47058823529414,42.88457630524062,0.011416788379399087
256.2068965517241,343.52941176470586,43.0194222203077,0.011920831245660873
256.2068965517241,345.5882352941176,43.138638427959975,0.012444023281832473
256.2068965517241,347.6470588235294,43.24264714284473,0.012987228433385116
256.2068965517241,349.70588235294116,43.33185793468739,0.013551359581601214
256.2068965517241,351.7647058823529,43.40666705591997,0.014137378274222475
256.2068965517241,353.8235294117647,43.467457014162164,0.014746293978255899
256.2068965517241,355.88235294117646,43.514596378313406,0.015379162908708487
256.2068965517241,357.94117647058823,43.54843981077806,0.016037086308465
256.2068965517241,360.0,43.56932828910816,0.01672120864549908
261.7241379310345,290.0,33.06516283726182,0.0033468911673913454
261.7241379310345,292.05882352941177,33.72117187383257,0.003543265061617212
261.7241379310345,294.11764705882354,34.352948667650445,0.003748144061645918
261.7241379310345,296.1764705882353,34.960466192253456,0.003961764650289477
261.7241379310345,298.2352941176471,35.54375096748632,0.00418436858216932
261.7241379310345,300.29411764705884,36.10288065845768,0.004416203601735376
261.7241379310345,302.3529411764706,36.637981405217275,0.0046575242832185134
261.7241379310345,304.4117647058824,37.14922493939388,0.00490859295146551
261.7241379310345,306.47058823529414,37.63682553285002,0.005169680775217367
261.7241379310345,308.52941176470586,38.10103682364792,0.005441068957451188
261.7241379310345,310.5882352941176,38.542148555016034,0.005723050079276459
261.7241379310345,312.6470588235294,38.960483261104514,0.006015929585795665
261.7241379310345,314.70588235294116,39.356392928972554,0.006320027419177755
261.7241379310345,316.7647058823529,39.730255662886854,0.006635679807640913
261.7241379310345,318.8235294117647,40.08247237659014,0.006963241158424873
261.7241379310345,320.88235294117646,40.41346353068338,0.007303086161969796
261.7241379310345,322.94117647058823,40.723665940570775,0.007655611949945753
261.7241379310345,325.0,41.01352966939731,0.008021240392563187
261.7241379310345,327.05882352941177,41.28351502484951,0.008400420471913224
261.7241379310345,329.11764705882354,41.534089676078175,0.008793630707339883
261.7241379310345,331.1764705882353,41.76572590659534,0.009201381596183953
261.7241379310345,333.2352941176471,41.978898018417595,0.00962421802712024
261.7241379310345,335.29411764705884,42.17407990215104,0.010062721617929286
261.7241379310345,337.3529411764706,42.35174278702503,0.0105175129253565
261.7241379310345,339.4117647058823,42.51235318396924,0.010989253472250451
261.7241379310345,341.47058823529414,42.656371033602625,0.011478647536889467
261.7241379310345,343.52941176470586,42.784248069375344,0.011986443651735736
261.7241379310345,345.5882352941176,42.89642640400417,0.012513435764042048
261.7241379310345,347.6470588235294,42.99333734474353,0.013060464018867702
261.7241379310345,349.70588235294116,43.075400439973436,0.013628415135959929
261.7241379310345,351.7647058823529,43.14302275608353,0.014218222365206758
261.7241379310345,353.8235294117647,43.1965983798423,0.014830865020274432
261.7241379310345,355.88235294117646,43.23650813612521,0.015467367637255328
261.7241379310345,357.94117647058823,43.263119516176936,0.016128798605911262
261.7241379310345,360.0,43.27678678102305,0.01681626876142025
267.2413793103448,290.0,32.97892697622451,0.003354149097318805
267.2413793103448,292.05882352941177,33.63069108012602,0.0035513041654114245
267.2413793103448,294.11764705882354,34.258125940600614,0.0037570357547597978
267.2413793103448,296.1764705882353,34.86120406110098,0.003971585463893894
267.2413793103448,298.2352941176471,35.439951427566406,0.004195200339804378
267.2413793103448,300.29411764705884,35.99444511644565,0.00442813357046416
267.2413793103448,302.3529411764706,36.52481063752733,0.004670645273654191
267.2413793103448,304.4117647058824,37.03121906590782,0.004923003400807754
267.2413793103448,306.47058823529414,37.513884011963775,0.005185484744727832
267.2413793103448,308.52941176470586,37.9730584712515,0.0054583760761535895
267.2413793103448,310.5882352941176,38.40903159235645,0.005741975403653207
267.2413793103448,312.6470588235294,38.82212539590019,0.006036593364583657
267.2413793103448,314.70588235294116,39.2126914743147,0.0063425547487215295
267.2413793103448,316.7647058823529,39.58110769844354,0.006660200162857494
267.2413793103448,318.8235294117647,39.92777495648595,0.006989887784352499
267.2413793103448,320.88235294117646,40.25311394216087,0.007331995311506598
267.2413793103448,322.94117647058823,40.557562017061706,0.007686921954747465
267.2413793103448,325.0,40.841570161005436,0.008055090555964395
267.2413793103448,327.05882352941177,41.105600028361685,0.008436949775862991
267.2413793103448,329.11764705882354,41.350121125515095,0.008832976329340186
267.2413793103448,331.1764705882353,41.57560812396037,0.0092436772372638
267.2413793103448,333.2352941176471,41.782538322709364,0.009669592057908965
267.2413793103448,335.29411764705884,41.97138927290656,0.01011129505676935
267.2413793103448,337.3529411764706,42.1426365766919,0.01056939726988457
267.2413793103448,339.4117647058823,42.29675187132985,0.011044548413631804
267.2413793103448,341.47058823529414,42.434201008398446,0.0115374385934785
267.2413793103448,343.52941176470586,42.5554424362814,0.012048799765819934
267.2413793103448,345.5882352941176,42.66092579233134,0.012579406910953363
267.2413793103448,347.6470588235294,42.75109070880043,0.013130078881548516
267.2413793103448,349.70588235294116,42.82636583404097,0.01370167889956004
267.2413793103448,351.7647058823529,42.887168067525195,0.014295114685095938
267.2413793103448,353.8235294117647,42.9339020028784,0.014911338241197478
267.2413793103448,355.88235294117646,42.96695957802892,0.015551345138573877
267.2413793103448,357.94117647058823,42.98671990442856,0.016216173719002528
267.2413793103448,360.0,42.993549282923425,0.0169069037380007
272.7586206896552,290.0,32.89380184213723,0.0033611246194104514
272.7586206896552,292.05882352941177,33.541409882709324,0.0035590278711134325
272.7586206896552,294.11764705882354,34.16459719320015,0.0037655755034234064
272.7586206896552,296.1764705882353,34.76333609816704,0.00398101390051688
272.7586206896552,298.2352941176471,35.33765235303623,0.004205595052286865
272.7586206896552,300.29411764705884,35.887622760520195,0.004439577223124556
272.7586206896552,302.3529411764706,36.413372525641115,0.004683225691024947
272.7586206896552,304.4117647058824,36.91507240159356,0.004936813639794701
272.7586206896552,306.47058823529414,37.39293567927961,0.005200623083802271
272.7586206896552,308.52941176470586,37.84721505879661,0.005474945957681324
272.7586206896552,310.5882352941176,38.278199443299464,0.0057600852994974085
272.7586206896552,312.6470588235294,38.68621068776198,0.00605635655601106
272.7586206896552,314.70588235294116,39.071600332373706,0.006364089007944373
272.7586206896552,316.7647058823529,39.43474634657109,0.00668362732322763
272.7586206896552,318.8235294117647,39.77604990904663,0.0070153331863086876
272.7586206896552,320.88235294117646,40.095932240361094,0.007359587111646874
272.7586206896552,322.94117647058823,40.39483151266108,0.007716790286998475
272.7586206896552,325.0,40.67319984975864,0.00808736653510023
272.7586206896552,327.05882352941177,40.9315004347731,0.008471764336386012
272.7586206896552,329.11764705882354,41.17020473954499,0.008870458896041418
272.7586206896552,331.1764705882353,41.3897898891689,0.009283954227955537
272.7586206896552,333.2352941176471,41.590736174000156,0.009712785223802749
272.7586206896552,335.29411764705884,41.77352472053526,0.010157519671644492
272.7586206896552,337.3529411764706,41.938635331584976,0.010618760185370994
272.7586206896552,339.4117647058823,42.08654450506962,0.011097146004366462
272.7586206896552,341.47058823529414,42.21772363952632,0.011593354622231612
272.7586206896552,343.52941176470586,42.33263743295243,0.012108103204532076
272.7586206896552,345.5882352941176,42.43174247990068,0.012642149758538203
272.7586206896552,347.6470588235294,42.51548606973341,0.013196294022848479
272.7586206896552,349.70588235294116,42.584305186712875,0.013771378051602808
272.7586206896552,351.7647058823529,42.638625710085286,0.014368286476482039
272.7586206896552,353.8235294117647,42.67886180837995,0.014987946470046632
272.7586206896552,355.88235294117646,42.70541552815382,0.01563132723710183
272.7586206896552,357.94117647058823,42.718676549143034,0.016299439475848186
272.7586206896552,360.0,42.71902211655315,0.01699333428239454
278.2758620689655,290.0,32.80975360563827,0.003367828981273009
278.2758620689655,292.05882352941177,33.45329087608452,0.0035664490734751463
278.2758620689655,294.11764705882354,34.07232110106699,0.00377377807542622
278.2758620689655,296.1764705882353,34.666816687092805,0.003990066854118333
278.2758620689655,298.2352941176471,35.23680342993198,0.00421557202241371
278.2758620689655,300.29411764705884,35.782358138978005,0.00445055657883768
278.2758620689655,302.3529411764706,36.30360600238059,0.00469529063076993
278.2758620689655,304.4117647058824,36.800717747492826,0.0049500522208768185
278.2758620689655,306.47058823529414,37.27390664663381,0.0052151282201886705
278.2758620689655,308.52941176470586,37.723425408511275,0.005490815362595276
278.2758620689655,310.5882352941176,38.14956299562072,0.005777421354588607
278.2758620689655,312.6470588235294,38.552641399573574,0.006075266104876898
278.2758620689655,314.70588235294116,38.933012404445336,0.006384683060918232
278.2758620689655,316.7647058823529,39.29105436397782,0.006706020662096559
278.2758620689655,318.8235294117647,39.62716901779541,0.007039643857861253
278.2758620689655,320.88235294117646,39.94177836302135,0.007385935798862521
278.2758620689655,322.94117647058823,40.23532160534242,0.007745299548557214
278.2758620689655,325.0,40.50825220230045,0.0081181599046143
278.2758620689655,327.05882352941177,40.76103501531876,0.008504965275241394
278.2758620689655,329.11764705882354,40.994143583851134,0.00890618959647645
278.2758620689655,331.1764705882353,41.20805753402926,0.009322334266496568
278.2758620689655,333.2352941176471,41.40326013303746,0.009753930069310822
278.2758620689655,335.29411764705884,41.580235999375574,0.010201539056939166
278.2758620689655,337.3529411764706,41.739468978083025,0.010665756356538963
278.2758620689655,339.4117647058823,41.8814401888618,0.01114721186722173
278.2758620689655,341.47058823529414,42.00662625379053,0.011646571810721125
278.2758620689655,343.52941176470586,42.115497709929606,0.012164540100853095
278.2758620689655,345.5882352941176,42.208517610536,0.012701859499007968
278.2758620689655,347.6470588235294,42.28614031682057,0.013259312526792133
278.2758620689655,349.70588235294116,42.34881048022493,0.013837722112391392
278.2758620689655,351.7647058823529,42.396962213033746,0.014437951954076001
278.2758620689655,353.8235294117647,42.43101844150276,0.015060906625053123
278.2758620689655,355.88235294117646,42.451390442702845,0.015707531230244064
278.2758620689655,357.94117647058823,42.45847753676544,0.01637881108203513
278.2758620689655,360.0,42.45266694806796,0.017075770822997615
283.7931034482759,290.0,32.72675002580194,0.0033742727727605806
283.7931034482759,292.05882352941177,33.366298459742225,0.003573579892645291
283.7931034482759,294.11764705882354,33.98125838927262,0.0037816573275576233
283.7931034482759,296.1764705882353,34.57160253671212,0.003998760148809521
283.7931034482759,298.2352941176471,35.137356980201616,0.004225149298607144
283.7931034482759,300.29411764705884,35.67859878518512,0.004461092205864057
283.7931034482759,302.3529411764706,36.195453379137184,0.004706863483129107
283.7931034482759,304.4117647058824,36.688091725100136,0.004962745697559448
283.7931034482759,306.47058823529414,37.15672734133986,0.0052290302571694185
283.7931034482759,308.52941176470586,37.60161321216564,0.005506018355507337
283.7931034482759,310.5882352941176,38.023038625631614,0.0057940220388712224
283.7931034482759,312.6470588235294,38.42132597285672,0.006093365361599846
283.7931034482759,314.70588235294116,38.796827538076926,0.006404385642285726
283.7931034482759,316.7647058823529,39.14992230529056,0.006727434826674969
283.7931034482759,318.8235294117647,39.48101280645983,0.007062880905975808
283.7931034482759,320.88235294117646,39.79052202743118,0.00741110949813661
283.7931034482759,322.94117647058823,40.0788903951937,0.007772525441750442
283.7931034482759,325.0,40.34657285882733,0.008147554492109783
283.7931034482759,327.05882352941177,40.594036080039096,0.008536645066822368
283.7931034482759,329.11764705882354,40.821755745962754,0.0089402700293142
283.7931034482759,331.1764705882353,41.030214015759846,0.009358928489206305
283.7931034482759,333.2352941176471,41.21989711130886,0.009793147595392694
283.7931034482759,335.29411764705884,41.39129306109204,0.010243484294865395
283.7931034482759,337.3529411764706,41.544889605238886,0.010710527028041372
283.7931034482759,339.4117647058823,41.68117226850493,0.01119489732984036
283.7931034482759,341.47058823529414,41.8006226067322,0.011697251305159985
283.7931034482759,343.52941176470586,41.903716630989805,0.012218280947938275
283.7931034482759,345.5882352941176,41.99092341213804,0.012758715274753297
283.7931034482759,347.6470588235294,42.062703866932424,0.01331932124699884
283.7931034482759,349.70588235294116,42.11950972506834,0.013900904460053418
283.7931034482759,351.7647058823529,42.161782673476864,0.014504309612053831
283.7931034482759,353.8235294117647,42.18995368035509,0.015130420577530721
283.7931034482759,355.88235294117646,42.20444247587113,0.015780160482241196
283.7931034482759,357.94117647058823,42.20565720259372,0.01645449127161185
283.7931034482759,360.0,42.19399420988243,0.01715441315794327
289.3103448275862,290.0,32.644760345932646,0.00338046597776073
289.3103448275862,292.05882352941177,33.2803987164238,0.0035804317367711886
289.3103448275862,294.11764705882354,33.891371690247944,0.0037892262811576815
289.3103448275862,296.1764705882353,34.477652515349874,0.004007108629861539
289.3103448275862,298.2352941176471,35.03926776865907,0.004234343784317767
289.3103448275862,300.29411764705884,35.57629499400468,0.004471203321588856
289.3103448275862,302.3529411764706,36.08886008571864,0.004717966061416421
289.3103448275862,304.4117647058824,36.57713447312639,0.004974918811672335
289.3103448275862,306.47058823529414,37.041332154581674,0.005242357196275005
289.3103448275862,308.52941176470586,37.481706623974134,0.005520586569035165
289.3103448275862,310.5882352941176,37.89854772758923,0.00580992301609862
289.3103448275862,312.6470588235294,38.29217848474209,0.006110694448625017
289.3103448275862,314.70588235294116,38.662951901658694,0.006423241786057109
289.3103448275862,316.7647058823529,39.01124780429261,0.006747920237295769
289.3103448275862,318.8235294117647,39.33746971482739,0.007085100629049509
289.3103448275862,320.88235294117646,39.642041787837506,0.007435170888077447
289.3103448275862,322.94117647058823,39.925405829301205,0.0077985375294971305
289.3103448275862,325.0,40.18801841045588,0.008175627240380585
289.3103448275862,327.05882352941177,40.43034809184241,0.008566888508199864
289.3103448275862,329.11764705882354,40.65287276959793,0.008972793284359192
289.3103448275862,331.1764705882353,40.856077154814685,0.00939383866426991
289.3103448275862,333.2352941176471,41.04045039544538,0.009830548562726015
289.3103448275862,335.29411764705884,41.206483848981975,0.01028347536093368
289.3103448275862,337.3529411764706,41.354669012929456,0.010753201499571083
289.3103448275862,339.4117647058823,41.485495618890575,0.011240340990919554
289.3103448275862,341.47058823529414,41.59944989485127,0.011745540822529746
289.3103448275862,343.52941176470586,41.69701299896126,0.012269482225231665
289.3103448275862,345.5882352941176,41.778659626737486,0.012812881779679132
289.3103448275862,347.6470588235294,41.84485679213729,0.01337649233807753
289.3103448275862,349.70588235294116,41.896062781413235,0.013961103741292594
289.3103448275862,351.7647058823529,41.93272627573145,0.01456754334648549
289.3103448275862,353.8235294117647,41.95528564541478,0.01519667618002517
289.3103448275862,355.88235294117646,41.964168392109144,0.01584940513460893
289.3103448275862,357.94117647058823,41.95979075363666,0.016526670669317563
289.3103448275862,360.0,41.94255744576438,0.017229450416090215
294.82758620689657,290.0,32.56375519819749,0.003386418020871063
294.82758620689657,292.05882352941177,33.19555930099125,0.003587015358266112
294.82758620689657,294.11764705882354,33.80262541440559,0.003796497189829126
294.82758620689657,296.1764705882353,34.38492750034761,0.004015126245036555
294.82758620689657,298.2352941176471,34.942492828155295,0.004243171335511059
294.82758620689657,300.29411764705884,35.475399618275546,0.0044809079266960915
294.82758620689657,302.3529411764706,35.983774433810424,0.004728618778492018
294.82758620689657,304.4117647058824,36.467789375243946,0.004986594656849638
294.82758620689657,306.47058823529414,36.927659126552584,0.00525513513345447
294.82758620689657,308.52941176470586,37.363637897093966,0.005534549435646641
294.82758620689657,310.5882352941176,37.77601629471576,0.0058251574168182284
294.82758620689657,312.6470588235294,38.16511816588999,0.006127290580533428
294.82758620689657,314.70588235294116,38.53129743080544,0.006441293199293619
294.82758620689657,316.7647058823529,38.87493493947362,0.0067675235214830105
294.82758620689657,318.8235294117647,39.1964353733121,0.007106355018397538
294.82758620689657,320.88235294117646,39.49622420801712,0.007458177776860989
294.82758620689657,322.94117647058823,39.77474476049814,0.007823399892468708
294.82758620689657,325.0,40.032455331559994,0.008202448951914736
294.82758620689657,327.05882352941177,40.26982645918494,0.008595773556016848
294.82758620689657,329.11764705882354,40.48733829392806,0.009003844875278192
294.82758620689657,331.1764705882353,40.68547810663153,0.009427158221544187
294.82758620689657,333.2352941176471,40.8647379372403,0.009866234616991055
294.82758620689657,335.29411764705884,41.025612392201424,0.01032162233960384
294.82758620689657,337.3529411764706,41.16859659667654,0.010793898422584379
294.82758620689657,339.4117647058823,41.29418430657812,0.011283670083949685
294.82758620689657,341.47058823529414,41.40286618421732,0.011791576062026134
294.82758620689657,343.52941176470586,41.495128240111754,0.012318287832767899
294.82758620689657,345.5882352941176,41.57145044219731,0.012864510685902428
294.82758620689657,347.6470588235294,41.632305492340045,0.013430984638883434
294.82758620689657,349.70588235294116,41.678157768643075,0.014018485170522423
294.82758620689657,351.7647058823529,41.70946242924963,0.014627823792103282
294.82758620689657,353.8235294117647,41.726664680860914,0.015259848260466264
294.82758620689657,355.88235294117646,41.73019918757116,0.015915442875302967
294.82758620689657,357.94117647058823,41.720489636386986,0.016595528286268372
294.82758620689657,360.0,41.69794843348509,0.017301061232774476
300.3448275862069,290.0,32.48370651617778,0.0033921378095691235
300.3448275862069,292.05882352941177,33.11174933877161,0.003593340904506465
300.3448275862069,294.11764705882354,33.71498563208842,0.0038034816002809717
300.3448275862069,296.1764705882353,34.29339024111246,0.004022826117468545
300.3448275862069,298.2352941176471,34.84699130087208,0.004251646847783941
300.3448275862069,300.29411764705884,35.37586788523141,0.004490222905437413
300.3448275862069,302.3529411764706,35.880147405552556,0.004738840742944592
300.3448275862069,304.4117647058824,36.36000281439995,0.004997794837672928
300.3448275862069,306.47058823529414,36.81564966368155,0.0052673884324578564
300.3448275862069,308.52941176470586,37.24734305806006,0.005547934392026806
300.3448275862069,310.5882352941176,37.65537454497452,0.005839756078379562
300.3448275862069,312.6470588235294,38.04006897109062,0.006143188344779121
300.3448275862069,314.70588235294116,38.40178133658153,0.0064585785890489186
300.3448275862069,316.7647058823529,38.74089367197619,0.006786287892881707
300.3448275862069,318.8235294117647,39.05781196200703,0.007126692195144044
300.3448275862069,320.88235294117646,39.35296313211664,0.007480183603075042
300.3448275862069,322.94117647058823,39.62679211999523,0.007847171699677502
300.3448275862069,325.0,39.87975904357637,0.008228084934525868
300.3448275862069,327.05882352941177,40.11233647988817,0.008623372051616965
300.3448275862069,329.11764705882354,40.32500686581018,0.0090335035474305
300.3448275862069,331.1764705882353,40.51826003039311,0.00945897314456264
300.3448275862069,333.2352941176471,40.69259086693979,0.009900299264281372
300.3448275862069,335.29411764705884,40.84849715168039,0.010358026479547715
300.3448275862069,337.3529411764706,40.98647751461124,0.010832726928552621
300.3448275862069,339.4117647058823,41.107029566820835,0.011325001667773142
300.3448275862069,341.47058823529414,41.21064818742913,0.011835481943027278
300.3448275862069,343.52941176470586,41.297823972049976,0.012364830357146205
300.3448275862069,345.5882352941176,41.369041843466995,0.012913741913712189
300.3448275862069,347.6470588235294,41.4247798239446,0.013482944917921574
300.3448275862069,349.70588235294116,41.46550796620857,0.014073201745407165
300.3448275862069,351.7647058823529,41.491687446410445,0.014685309307673514
300.3448275862069,353.8235294117647,41.50376979903646,0.015320099584098024
300.3448275862069,355.88235294117646,41.502196307991134,0.015978439727287883
300.3448275862069,357.94117647058823,41.487397532362245,0.016661232093985297
300.3448275862069,360.0,41.459792964255676,0.01736941406899786
305.86206896551727,290.0,32.40458745453463,0.003397633772395583
305.86206896551727,292.05882352941177,33.02893933239173,0.0035994179636186403
305.86206896551727,294.11764705882354,33.62841996563484,0.003810190407135485
305.86206896551727,296.1764705882353,34.20300523420604,0.004030220611141082
305.86206896551727,298.2352941176471,34.75272429392615,0.004259784334424987
305.86206896551727,300.29411764705884,35.27765722977548,0.004499164118479476
305.86206896551727,302.3529411764706,35.77793246089369,0.0047486498799481575
305.86206896551727,304.4117647058824,36.25372395257959,0.0050085395664677896
305.86206896551727,306.47058823529414,36.70524828397629,0.005279139878574508
305.86206896551727,308.52941176470586,37.132761614359204,0.005560767059830664
305.86206896551727,310.5882352941176,37.53655658581803,0.005853747756686853
305.86206896551727,312.6470588235294,37.91695919558683,0.006158419948789116
305.86206896551727,314.70588235294116,38.274325667227956,0.006475133949486003
305.86206896551727,316.7647058823529,38.60903934597866,0.006804253483325124
305.86206896551727,318.8235294117647,38.92150764238036,0.00714615679233663
305.86206896551727,320.88235294117646,39.21215903973715,0.007501237873007915
305.86206896551727,322.94117647058823,39.481440187372506,0.007869907705911457
305.86206896551727,325.0,39.72981309089758,0.008252595563530163
305.86206896551727,327.05882352941177,39.95775241348355,0.00864975035190005
305.86206896551727,329.11764705882354,40.16574289876621,0.009061841980343568
305.86206896551727,331.1764705882353,40.35427692458022,0.009489362746208851
305.86206896551727,333.2352941176471,40.523852195196824,0.009932828719772555
305.86206896551727,335.29411764705884,40.67496957836175,0.010392781112896887
305.86206896551727,337.3529411764706,40.80813109212371,0.010869787613718462
305.86206896551727,339.4117647058823,40.92383804520802,0.011364443668723618
305.86206896551727,341.47058823529414,41.022589333493,0.01187737369307864
305.86206896551727,343.52941176470586,41.10487989397501,0.012409232190150027
305.86206896551727,345.5882352941176,41.17119931643722,0.012960704761804694
305.86206896551727,347.6470588235294,41.22203061185508,0.013532508992399135
305.86206896551727,349.70588235294116,41.2578491342383,0.014125395220097071
305.86206896551727,351.7647058823529,41.27912165934729,0.014740147017203501
305.86206896551727,353.8235294117647,41.28630559954256,0.015377581768530896
305.86206896551727,355.88235294117646,41.27984837000065,0.016038550830331514
305.86206896551727,357.94117647058823,41.26018688447123,0.01672393963808364
305.86206896551727,360.0,41.22774717864068,0.017434667622315218
311.37931034482756,290.0,32.326372315083205,0.0034029138936013796
311.37931034482756,292.05882352941177,32.947101076234055,0.0036052556059233856
311.37931034482756,294.11764705882354,33.542897490499605,0.0038166339024136163
311.37931034482756,296.1764705882353,34.11373860917978,0.00403732138985867
311.37931034482756,298.2352941176471,34.65965474770824,0.00426759699654194
311.37931034482756,300.29411764705884,35.180727142826626,0.004507746486104134
311.37931034482756,302.3529411764706,35.67708536319096,0.004758063027985489
311.37931034482756,304.4117647058824,36.14890452868175,0.005018847827143451
311.37931034482756,306.47058823529414,36.59640238718297,0.005290410812736221
311.37931034482756,308.52941176470586,37.019836291049955,0.005573071406062776
311.37931034482756,310.5882352941176,37.419500112988885,0.005867159313643137
311.37931034482756,312.6470588235294,37.79572113122479,0.0061730154382008285
311.37931034482756,314.70588235294116,38.14885691636251,0.006490992814913032
311.37931034482756,316.7647058823529,38.47929224345079,0.006821457626883322
311.37931034482756,318.8235294117647,38.78743605169871,0.007164790290395449
311.37931034482756,320.88235294117646,39.073718473559346,0.0075213865438894
311.37931034482756,322.94117647058823,39.33858794416906,0.00789165868705937
311.37931034482756,325.0,39.58250841276969,0.008276036773149125
311.37931034482756,327.05882352941177,39.8059566633751,0.008674969880276173
311.37931034482756,329.11764705882354,40.009419757070674,0.009088927400907545
311.37931034482756,331.1764705882353,40.193392604422854,0.009518400345750026
311.37931034482756,333.2352941176471,40.35837567523068,0.009963902648772817
311.37931034482756,335.29411764705884,40.50487285144319,0.010425972458713666
311.37931034482756,337.3529411764706,40.63338942774773,0.010905173401260695
311.37931034482756,339.4117647058823,40.744430263090514,0.011402095795292364
311.37931034482756,341.47058823529414,40.8384980852154,0.011917357806096023
311.37931034482756,343.52941176470586,40.91609194915639,0.012451606518519395
311.37931034482756,345.5882352941176,40.97770584950584,0.013005518913516803
311.37931034482756,347.6470588235294,41.02382748516345,0.013579802732635387
311.37931034482756,349.70588235294116,41.05493717297429,0.014175197246771031
311.37931034482756,351.7647058823529,41.07150691384888,0.014792473743900744
311.37931034482756,353.8235294117647,41.07399958991906,0.015432436143912492
311.37931034482756,355.88235294117646,41.06286830894392,0.016095921199078433
311.37931034482756,357.94117647058823,41.038555873755996,0.016783798664827834
311.37931034482756,360.0,41.00149437541851,0.01749697129214006
316.8965517241379,290.0,32.24903647864692,0.0034079857446507543
316.8965517241379,292.05882352941177,32.86620757775264,0.0036108624215291005
316.8965517241379,294.11764705882354,33.458388644503955,0.003822821820316309
316.8965517241379,296.1764705882353,34.025558024029344,0.004044139470484506
316.8965517241379,298.2352941176471,34.56774731558882,0.0042750972862173366
316.8965517241379,300.29411764705884,35.08503903307578,0.004515984062957639
316.8965517241379,302.3529411764706,35.577564020545374,0.004767096027096409
316.8965517241379,304.4117647058824,36.04549867801483,0.005028737441181513
316.8965517241379,306.47058823529414,36.48906204606676,0.005301221270033656
316.8965517241379,308.52941176470586,36.90851279292648,0.0055848698858104945
316.8965517241379,310.5882352941176,37.3041461391805,0.0058800158835980165
316.8965517241379,312.6470588235294,37.676290757430976,0.006187002890237239
316.8965517241379,314.70588235294116,38.025305671690354,0.006506186483529626
316.8965517241379,316.7647058823529,38.35157718439385,0.006837935149845456
316.8965517241379,318.8235294117647,38.65551585183072,0.007182631312631688
316.8965517241379,320.88235294117646,38.93755352968659,0.007540672360971503
316.8965517241379,322.94117647058823,39.19814049957713,0.007912471822466514
316.8965517241379,325.0,39.43774269778062,0.008298460487621293
316.8965517241379,327.05882352941177,39.656839053259574,0.008699087609602812
316.8965517241379,329.11764705882354,39.85591894697637,0.009114822120579489
316.8965517241379,331.1764705882353,40.03547980063111,0.009546153861878254
316.8965517241379,333.2352941176471,40.19602480166549,0.009993594816028009
316.8965517241379,335.29411764705884,40.338060769945095,0.01045768032755806
316.8965517241379,337.3529411764706,40.462096170210984,0.010938970298405494
316.8965517241379,339.4117647058823,40.56863927314192,0.011438050343055813
316.8965517241379,341.47058823529414,40.65819646670729,0.011955532888127889
316.8965517241379,343.52941176470586,40.731270718371974,0.012492058201104009
316.8965517241379,345.5882352941176,40.788360187636066,0.01304829533331655
316.8965517241379,347.6470588235294,40.829956987346144,0.013624942963186275
316.8965517241379,349.70588235294116,40.85654608992909,0.014222730158612716
316.8965517241379,351.7647058823529,40.86860438231542,0.014842416866224048
316.8965517241379,353.8235294117647,40.86659984741542,0.015484794554695638
316.8965517241379,355.88235294117646,40.8509908893112,0.016150686446939466
316.8965517241379,357.94117647058823,40.82222577953513,0.016840947742343303
316.8965517241379,360.0,40.78074222365933,0.017556465672877764
322.41379310344826,290.0,32.172556342141434,0.00341285651292115
322.41379310344826,292.05882352941177,32.78623298497607,0.003616246554503933
322.41379310344826,294.11764705882354,33.37486514439665,0.0038287633778352616
322.41379310344826,296.1764705882353,33.938432569278476,0.004050685271109468
322.41379310344826,298.2352941176471,34.47696825379283,0.0042822969635200395
322.41379310344826,300.29411764705884,34.990556100708254,0.0045238901053714165
322.41379310344826,302.3529411764706,35.47932834119381,0.0047757637981743675
322.41379310344826,304.4117647058824,35.943462766356994,0.005038225176829135
322.41379310344826,306.47058823529414,36.38317981911963,0.005311590045661367
322.41379310344826,308.52941176470586,36.79873958922218,0.00559618356964085
322.41379310344826,310.5882352941176,37.190438748970564,0.005892341021591991
322.41379310344826,312.6470588235294,37.55860746274476,0.00620040858557775
322.41379310344826,314.70588235294116,37.90360629916599,0.006520744215902421
322.41379310344826,316.7647058823529,38.22582317115447,0.006853718550336004
322.41379310344826,318.8235294117647,38.52567032537922,0.0071997158864589685
322.41379310344826,320.88235294117646,38.80358140243604,0.007559135155015369
322.41379310344826,322.94117647058823,39.06000857856542,0.00793239103192131
322.41379310344826,325.0,39.29541980969746,0.008319915000733964
322.41379310344826,327.05882352941177,39.51029618478712,0.008722156486974388
322.41379310344826,329.11764705882354,39.705129400096304,0.009139584007640192
322.41379310344826,331.1764705882353,39.88041936223857,0.009572686333943148
322.41379310344826,333.2352941176471,40.0366719264952,0.010021973656515113
322.41379310344826,335.29411764705884,40.17439677545959,0.010487978741273293
322.41379310344826,337.3529411764706,40.294105441737095,0.010971258063230785
322.41379310344826,339.4117647058823,40.396309477188666,0.011472392904900142
322.41379310344826,341.47058823529414,40.48151877004597,0.011991990405550322
322.41379310344826,343.52941176470586,40.55024001014425,0.012530684547547473
322.41379310344826,345.5882352941176,40.60297530147105,0.013089137066337948
322.41379310344826,347.6470588235294,40.64022091918173,0.01366803829755332
322.41379310344826,349.70588235294116,40.66246621438657,0.014268107799261588
322.41379310344826,351.7647058823529,40.670192648551044,0.014890095100032164
322.41379310344826,353.8235294117647,40.66387297154403,0.015534780102430772
322.41379310344826,355.88235294117646,40.64397052456939,0.016202973469838615
322.41379310344826,357.94117647058823,40.610938667027405,0.01689551686441558
322.41379310344826,360.0,40.565220319646166,0.01761328305613113
327.9310344827586,290.0,32.096909260394746,0.0034175330278988763
327.9310344827586,292.05882352941177,32.70715251960249,0.0036214157339971844
327.9310344827586,294.11764705882354,33.29229990900788,0.003834467311659191
327.9310344827586,296.1764705882353,33.85233267982029,0.0040569686547291895
327.9310344827586,298.2352941176471,34.38728532039507,0.004289207148085422
327.9310344827586,300.29411764705884,34.8972432218277,0.004531477132135763
327.9310344827586,302.3529411764706,35.382340101439766,0.0047840804143943925
327.9310344827586,304.4117647058824,35.842755239351646,0.005047326830004172
327.9310344827586,306.47058823529414,36.2787105767023,0.005321534852739594
327.9310344827586,308.52941176470586,36.69046771842739,0.005607032252873759
327.9310344827586,310.5882352941176,37.078324876941814,0.005904156835763032
327.9310344827586,312.6470588235294,37.44261379324404,0.006213257161566143
327.9310344827586,314.70588235294116,37.78369665827243,0.006534693411555945
327.9310344827586,316.7647058823529,38.10196306558487,0.006868838233565918
327.9310344827586,318.8235294117647,38.39782701315133,0.007216077675009303
327.9310344827586,320.88235294117646,38.67172397656624,0.007576812105682019
327.9310344827586,322.94117647058823,38.92410806427304,0.00795145727363054
327.9310344827586,325.0,39.15544927517869,0.008340445311047507
327.9310344827586,327.05882352941177,39.366230865527776,0.008744225808599458
327.9310344827586,329.11764705882354,39.55694683637364,0.009163266903721507
327.9310344827586,331.1764705882353,39.72809954919117,0.00959805638155503
327.9310344827586,333.2352941176471,39.8801974758368,0.010049102778802577
327.9310344827586,335.29411764705884,40.01375308761116,0.010516936479836465
327.9310344827586,337.3529411764706,40.1292808868348,0.011002110793606842
327.9310344827586,339.4117647058823,40.22729558311453,0.011505202999310868
327.9310344827586,341.47058823529414,40.3083104153388,0.012026815348445727
327.9310344827586,343.52941176470586,40.37283561936634,0.01256757601081557
327.9310344827586,345.5882352941176,40.42137704037424,0.013128139952322497
327.9310344827586,347.6470588235294,40.454434886778465,0.013709189760204311
327.9310344827586,349.70588235294116,40.47250262909781,0.014311436248882505
327.9310344827586,351.7647058823529,40.476066025036516,0.014935619211677383
327.9310344827586,353.8235294117647,40.46560228542776,0.015582507830901595
327.9310344827586,355.88235294117646,40.44157936189752,0.016252901086950544
327.9310344827586,357.94117647058823,40.40445535561148,0.016947628029215123
327.9310344827586,360.0,40.35467803963234,0.017667547928973952
333.44827586206895,290.0,32.02207349226871,0.0034220217851321693
333.44827586206895,292.05882352941177,32.62894241515854,0.003626377302637027
333.44827586206895,294.11764705882354,33.210666988357424,0.003839941911777693
333.44827586206895,296.1764705882353,33.76723005375507,0.004062998968930114
333.44827586206895,298.2352941176471,34.29866768251208,0.004295838365883595
333.44827586206895,300.29411764705884,34.805066842477025,0.004538756979486324
333.44827586206895,302.3529411764706,35.286562824798686,0.004792059165702575
333.44827586206895,304.4117647058824,35.743336484885226,0.005056057299729936
333.44827586206895,306.47058823529414,36.175611346231605,0.0053310723635154765
333.44827586206895,308.52941176470586,36.58365060968701,0.005617434584345009
333.44827586206895,310.5882352941176,36.96775410632589,0.005915484105927863
333.44827586206895,312.6470588235294,37.32825522471883,0.0062255717491624925
333.44827586206895,314.70588235294116,37.665517844712625,0.006548059766541648
333.44827586206895,316.7647058823529,37.97993329929914,0.0068833226842146605
333.44827586206895,318.8235294117647,38.27191738785756,0.007231748183126385
333.44827586206895,320.88235294117646,38.54190746098224,0.0075937379754500225
333.44827586206895,322.94117647058823,38.79035958774518,0.007969708808516156
333.44827586206895,325.0,39.01774582535138,0.008360093418914083
333.44827586206895,327.05882352941177,39.22455159800962,0.008765341551671383
333.44827586206895,329.11764705882354,39.41127319605089,0.009185920992329396
333.44827586206895,331.1764705882353,39.578415402602296,0.009622318611100729
333.44827586206895,333.2352941176471,39.72648925376082,0.010075041410282247
333.44827586206895,335.29411764705884,39.8560099367492,0.01054461756526775
333.44827586206895,337.3529411764706,39.96749482919425,0.011031597448801162
333.44827586206895,339.4117647058823,40.061461681438274,0.011536554627592576
333.44827586206895,341.47058823529414,40.13842694266673,0.012060086820104463
333.44827586206895,343.52941176470586,40.198904230582116,0.012602816804256546
333.44827586206895,345.5882352941176,40.24340294338655,0.013165393264009074
333.44827586206895,347.6470588235294,40.27242701078451,0.013748491592531087
333.44827586206895,349.70588235294116,40.28647378745835,0.014352814480222707
333.44827586206895,351.7647058823529,40.28603306974692,0.014979092667238122
333.44827586206895,353.8235294117647,40.271586250772145,0.01562808535610178
333.44827586206895,355.88235294117646,40.24360559449524,0.016300580637667324
333.44827586206895,357.94117647058823,40.20255362835312,0.01699739578839657
333.44827586206895,360.0,40.148882647167966,0.017719377459495058
338.9655172413793,290.0,31.94802815069219,0.0034263289681716346
338.9655172413793,292.05882352941177,32.55157985975442,0.0036311382424898705
338.9655172413793,294.11764705882354,33.12994149815376,0.0038451950521376475
338.9655172413793,296.1764705882353,33.683097577538206,0.0040687850820204235
338.9655172413793,298.2352941176471,34.211085830881736,0.004302200591710355
338.9655172413793,300.29411764705884,34.71399488128529,0.004545740850961076
338.9655172413793,302.3529411764706,35.19196167119654,0.004799712617171671
338.9655172413793,304.4117647058824,35.64516870716479,0.005064430656259096
338.9655172413793,306.47058823529414,36.073841168591514,0.005340218308104211
338.9655172413793,308.52941176470586,36.47824392309183,0.005627408097368207
338.9655172413793,310.5882352941176,36.858678485870676,0.005926342390054252
338.9655172413793,312.6470588235294,37.21547995587358,0.006237374095687591
338.9655172413793,314.70588235294116,37.54901395731072,0.006560867414418955
338.9655172413793,316.7647058823529,37.85967361143156,0.006897198627714274
338.9655172413793,318.8235294117647,38.14787655966962,0.007246756941094479
338.9655172413793,320.88235294117646,38.41406205883313,0.007609945317962136
338.9655172413793,322.94117647058823,38.658688159112586,0.007987181435333064
338.9655172413793,325.0,38.88222898443949,0.008378898590430188
338.9655172413793,327.05882352941177,39.08517212200417,0.00878554666904607
338.9655172413793,329.11764705882354,39.26801613168324,0.009207593125871147
338.9655172413793,331.1764705882353,39.431268182473374,0.009645523976364152
338.9655172413793,333.2352941176471,39.575441821641014,0.010099844792129694
338.9655172413793,335.29411764705884,39.70105488083748,0.010571081691035948
338.9655172413793,337.3529411764706,39.80862752207871,0.011059782312672262
338.9655172413793,339.4117647058823,39.8986804252705,0.011566516769285894
338.9655172413793,341.47058823529414,39.971733117840095,0.012091878562053144
338.9655172413793,343.52941176470586,40.02830244600772,0.012636485452470007
338.9655172413793,345.5882352941176,40.068901186280456,0.013200980278819625
338.9655172413793,347.6470588235294,40.09403679370857,0.013786031737350381
338.9655172413793,349.70588235294116,40.104210290449345,0.014392334951523188
338.9655172413793,351.7647058823529,40.09991527485145,0.015020612223134252
338.9655172413793,353.8235294117647,40.08163706688677,0.015671613444211648
338.9655172413793,355.88235294117646,40.049851970046504,0.016346116535415192
338.9655172413793,357.94117647058823,40.005026649614415,0.01704492776421406
338.9655172413793,360.0,39.94761762015144,0.017768881963857685
344.48275862068965,290.0,31.87475315625755,0.0034304604687002077
344.48275862068965,292.05882352941177,32.47504294301599,0.003635705198831476
344.48275862068965,294.11764705882354,33.05009955918453,0.0038502342186610087
344.48275862068965,296.1764705882353,33.59990925684701,0.004074335415986066
344.48275862068965,298.2352941176471,34.12451150111167,0.004308303287869767
344.48275862068965,300.29411764705884,34.6239966398809,0.004552439362699798
344.48275862068965,302.3529411764706,35.09850333520588,0.004807052661920147
344.48275862068965,304.4117647058824,35.548215811283306,0.005072460202731321
344.48275862068965,306.47058823529414,35.973360967512406,0.0053489875427690575
344.48275862068965,308.52941176470586,36.374205399153226,0.00563696936742762
344.48275862068965,310.5882352941176,36.75105236292321,0.005936750120096462
344.48275862068965,312.6470588235294,37.104238720205686,0.006248684675114442
344.48275862068965,314.70588235294116,37.434131886371155,0.006573139052722438
344.48275862068965,316.7647058823529,37.74112681097992,0.006910491174703357
344.48275862068965,318.8235294117647,38.02564300987636,0.007261131668955697
344.48275862068965,320.88235294117646,38.28812166963531,0.007625464664113812
344.48275862068965,322.94117647058823,38.52902283517314,0.008003908700419785
344.48275862068965,325.0,38.74882269963675,0.008396897592670528
344.48275862068965,327.05882352941177,38.948011003389915,0.008804881351643184
344.48275862068965,329.11764705882354,39.127088552585036,0.009228327116686433
344.48275862068965,331.1764705882353,39.28656486422583,0.009667720099338594
344.48275862068965,333.2352941176471,39.42695594322909,0.010123564530636734
344.48275862068965,335.29411764705884,39.54878219552164,0.010596384604132833
344.48275862068965,337.3529411764706,39.65256647986711,0.01108672540606062
344.48275862068965,339.4117647058823,39.73883229989906,0.01159515382369712
344.48275862068965,341.47058823529414,39.808102136732195,0.012122259422685086
344.48275862068965,343.52941176470586,39.86089592151109,0.012668655284029967
344.48275862068965,345.5882352941176,39.89772964632963,0.013234978791609744
344.48275862068965,347.6470588235294,39.919114109907255,0.013821892391650752
344.48275862068965,349.70588235294116,39.925553801673765,0.014430084142613516
344.48275862068965,351.7647058823529,39.917545903974705,0.015060268463223928
344.48275862068965,353.8235294117647,39.895579428801234,0.01571318654107495
344.48275862068965,355.88235294117646,39.860134468792026,0.01638960677984453
344.48275862068965,357.94117647058823,39.811681562673265,0.01709032513382596
344.48275862068965,360.0,39.75068116808596,0.017816165351341465
350.0,290.0,31.802229194071113,0.003434421905032693
350.0,292.05882352941177,32.399310606822446,0.0036400845019512857
350.0,294.11764705882354,32.97111824114871,0.0038550665348961264
350.0,296.1764705882353,33.51764015262751,0.004079657976606847
350.0,298.2352941176471,34.03891760095767,0.004314155439455867
350.0,300.29411764705884,34.53504272031889,0.004558862584682831
350.0,302.3529411764706,35.00615595241441,0.004814090569197371
350.0,304.4117647058824,35.45244329721011,0.0050801585310976715
350.0,306.47058823529414,35.8741334297248,0.005357394114782373
350.0,308.52941176470586,36.27149472535493,0.005646134036206228
350.0,310.5882352941176,36.644832231036965,0.005946724687143748
350.0,312.6470588235294,36.99448461451326,0.006259522787408528
350.0,314.70588235294116,37.32082112109624,0.006584896056691156
350.0,316.7647058823529,37.62423856094232,0.006923223950737026
350.0,318.8235294117647,37.90515834939834,0.007274898423849455
350.0,320.88235294117646,38.16402361967092,0.007640324688699605
350.0,322.94117647058823,38.401296419039795,0.008019922085320567
350.0,325.0,38.61745500724219,0.008414124903898264
350.0,327.05882352941177,38.812991263898674,0.00882338326274185
350.0,329.11764705882354,38.98840821521065,0.009248163996747775
350.0,331.1764705882353,39.144217686674644,0.009688951556396222
350.0,333.2352941176471,39.2809380871326,0.010146248910570848
350.0,335.29411764705884,39.39909232801366,0.010620578445905613
350.0,337.3529411764706,39.49920588027641,0.011112482854856425
350.0,339.4117647058823,39.58180497035185,0.011622526004331512
350.0,341.47058823529414,39.647414915294824,0.012151293776462808
350.0,343.52941176470586,39.69655859635077,0.01269939487304929
350.0,345.5882352941176,39.72975506924556,0.01326746157530159
350.0,347.6470588235294,39.747518307444714,0.01385615048204715
350.0,349.70588235294116,39.75035608215227,0.014466143039964139
350.0,351.7647058823529,39.73876895827976,0.015098146287227622
350.0,353.8235294117647,39.71324942334909,0.015752893256790055
350.0,355.88235294117646,39.67428112871993,0.01643114342945489
350.0,357.94117647058823,39.622338243540604,0.01713368308098218
350.0,360.0,39.55788491446957,0.017861325545400954
