0.0,133.1340654994146,0.11721703258909455,0.19615301102483665,125.93150334295903,0.10000000000000014,0.20000000000000043,118.87581690935426,0.10000000000000012,0.20000000000000037,111.95335825276064,0.10000000000000012,0.20000000000000034,105.15073713231205,0.1000000000000001,0.2000000000000003,98.45479511112315,0.10000000000000009,0.20000000000000026,91.85258010367961,0.10000000000000009,0.20000000000000023,85.3313213223776,0.10000000000000007,0.20000000000000018,78.8784045747511,0.10000000000000006,0.20000000000000018,72.48134786360428,0.10000000000000005,0.20000000000000012,140.0,0.99999998,1e-08,139.9983454930371,0.9999999799999999,1.0000000000266829e-08,50.0,0.09999999999999987,0.2000000000000002,50.00541750833047,0.09999999999999987,0.2000000000000002
0.001,135.1249968302049,0.14120242795045368,0.19101217254334318,127.90298639014063,0.1025887156035349,0.19924891801241143,121.14305991511556,0.1001833141085258,0.19994657836231994,114.38486858938647,0.10001312295223541,0.19999618841457575,107.6285715244935,0.10000093944664219,0.19999972799075255,100.87421385414167,0.10000006723831854,0.19999998059158589,94.12173946701598,0.10000000481042877,0.19999999861562198,87.37100344167825,0.10000000034396204,0.19999999990129755,80.62178423003611,0.10000000002457848,0.19999999999296655,73.87379561417916,0.10000000000175512,0.19999999999949916,140.0,0.99999998,1e-08,139.99882523298774,0.9999999799999999,1e-08,50.0,0.10000000000163023,0.1999999999995349,50.00575442952847,0.10000000000163023,0.1999999999995349
0.003,137.21991360368233,0.16613297399663243,0.1837587602117754,128.68713700094824,0.11271916507854524,0.1982623280381552,121.86850911954292,0.10184906838093088,0.19972378097905338,115.04976747127023,0.10025713539743397,0.19995967759871558,108.23088276281737,0.10003531589008388,0.19999435007413063,101.41182470961002,0.10000479706046092,0.19999922434918035,94.59256199765717,0.1000006478735782,0.19999989461957834,87.77306229648612,0.10000008723720019,0.19999998576016947,80.95329231213293,0.10000001172816404,0.19999999808123256,74.13321787886298,0.10000000157544547,0.19999999974183463,140.0,0.99999998,1e-08,139.9993300609502,0.9999999799999999,1e-08,50.0,0.10000000151783954,0.19999999975125773,50.005816974693914,0.10000000151783954,0.19999999975125773
0.007,136.76596464287437,0.2083576590743984,0.161130371581749,130.22505242706615,0.1471998039015727,0.19799521335036824,122.11379832843897,0.11243515245541866,0.19937318215584193,115.27268421903051,0.10312163049203439,0.19982215388860491,108.43115673248879,0.10076383998134704,0.19995361537355694,101.58921030890865,0.10018431726822696,0.19998841058983244,94.7468393287162,0.10004428282789984,0.19999717025280167,87.90403811722739,0.10001058658294262,0.1999993177397054,81.06080095252136,0.10000252389403994,0.19999983665327004,74.21712207082494,0.10000060076961588,0.1999999610441834,140.0,0.99999998,1e-08,139.99922066940428,0.99999998,1.0000000000082004e-08,50.0,0.10000058965343155,0.1999999617632789,50.0058372028662,0.10000058965343155,0.1999999617632789
0.015,136.73809181258193,0.26888213398903144,0.1190447576654275,132.6315757443188,0.19485269684813417,0.1777690883559593,125.59362165689146,0.15850404754131692,0.1995930908989497,116.82494262423637,0.13076375586754796,0.20309510991097393,109.8096529630408,0.11214501972684184,0.20112972907543294,102.80606862543142,0.10479552509583086,0.20042839019252753,95.80214133553413,0.10188949323487272,0.20016432524280944,88.79785149541726,0.10073782872752653,0.20006342464328392,81.79317951046788,0.10028748857200086,0.20002456348900882,74.78810578747976,0.10011224478439745,0.20000953145128192,140.0,0.99999998,1e-08,139.99921395270138,0.99999998,1.0000000000002444e-08,50.0,0.10011122212804148,0.20000944376593294,50.005974865346396,0.10011122212804148,0.20000944376593294
0.031,136.74102637543805,0.35094195474616363,0.06560842604007935,134.03394954741802,0.26326479468690867,0.12576369651439048,129.85272395361403,0.21604864173412763,0.16591196080569556,124.18718169974454,0.1846129682922916,0.18934474676933938,116.72208407373083,0.16455092503714377,0.20121462978597557,108.11421904851257,0.14976680042549576,0.20682744758320568,99.14492068744066,0.13508185774962989,0.207256125616927,91.1326285546199,0.11890348726596878,0.20345709187777294,83.70644634068306,0.11087655357655067,0.20197773730913665,76.27982873063662,0.10626454472950929,0.20113444851489146,140.0,0.99999998,1e-08,139.99921465986512,0.99999998,1e-08,50.0,0.10623751836280004,0.2011295326281061,50.0063345210081,0.10623751836280004,0.2011295326281061
0.063,136.17843825284316,0.4710751517977732,0.02098648915326018,134.08888735799425,0.3610587498433043,0.054012972560946185,130.97569538738517,0.30696428642566076,0.0896286913061658,127.03040313653287,0.2683062406606685,0.12144200024944848,122.2577165134409,0.23954514759716733,0.1469757916123959,116.64532414773264,0.21745249455690696,0.16660429280950995,110.15702784664359,0.19929076466728646,0.18147212966045362,102.66099835151611,0.18495154040219447,0.19125813312104845,94.1861792564318,0.17372402861224942,0.19831314567145375,84.92154339170585,0.1646660470737593,0.2032724869895858,140.0,0.99999998,1e-08,139.99907908875437,0.99999998,1.0000000000008069e-08,50.0,0.16420898097174932,0.20311501975141416,50.00848041657132,0.16420898097174932,0.20311501975141416
0.127,132.58111422264437,0.9359999729892966,0.002537951054212159,130.40868874836065,0.52931177565285,0.007385047621653911,126.86860610477633,0.4484493926356819,0.01587404089934091,122.41011480692657,0.4061271126521703,0.02715906884725906,117.22192614906257,0.3756524862230831,0.0402265219216872,111.37532320842558,0.35102660904656374,0.05410467912637821,104.90383190511001,0.3298735746698903,0.06818623642469886,97.81528418780123,0.3112676707908243,0.08183837477172562,90.10235062916264,0.2948709912617858,0.09476057823717507,81.7613946022306,0.28032485417320946,0.10675830621832454,140.0,0.99999998,1e-08,139.9982122151637,0.99999998,1.0000000000013308e-08,50.0,0.2791045535978217,0.10664264617646182,50.00776796599756,0.2791045535978217,0.10664264617646182
0.255,132.58111422264437,0.9359999729892966,0.002537951054212159,130.40868874836065,0.52931177565285,0.007385047621653911,126.86860610477633,0.4484493926356819,0.01587404089934091,122.41011480692657,0.4061271126521703,0.02715906884725906,117.22192614906257,0.3756524862230831,0.0402265219216872,111.37532320842558,0.35102660904656374,0.05410467912637821,104.90383190511001,0.3298735746698903,0.06818623642469886,97.81528418780123,0.3112676707908243,0.08183837477172562,90.10235062916264,0.2948709912617858,0.09476057823717507,81.7613946022306,0.28032485417320946,0.10675830621832454,140.0,0.99999998,1e-08,139.9982122151637,0.99999998,1.0000000000013308e-08,50.0,0.2791045535978217,0.10664264617646182,50.00776796599756,0.2791045535978217,0.10664264617646182
0.255,129.31385944334951,0.997178168469378,0.00011401998296068729,126.26480343954582,0.9605691272897908,0.0006816054886465662,123.15759603934858,0.8109810670517147,0.0018638293019140907,119.71924097521983,0.5408868972891019,0.003254785678263986,114.70299019979454,0.48628617373072885,0.00567987897740941,108.90771872061715,0.4544293753648924,0.008930182038230202,102.48571000392214,0.4313007123918291,0.012976010437754619,95.50577828104667,0.41266162458570604,0.01774408421964972,88.00549387866295,0.39672969376618367,0.0231296995550538,80.00762219234798,0.38262292293229144,0.029021266809105276,140.0,0.99999998,1e-08,139.99742488192726,0.99999998,1.0000000000008388e-08,50.0,0.38084870049668323,0.028994720428508418,50.007360271519495,0.38084870049668323,0.028994720428508418
0.383,129.31385944334951,0.997178168469378,0.00011401998296068729,126.26480343954582,0.9605691272897908,0.0006816054886465662,123.15759603934858,0.8109810670517147,0.0018638293019140907,119.71924097521983,0.5408868972891019,0.003254785678263986,114.70299019979454,0.48628617373072885,0.00567987897740941,108.90771872061715,0.4544293753648924,0.008930182038230202,102.48571000392214,0.4313007123918291,0.012976010437754619,95.50577828104667,0.41266162458570604,0.01774408421964972,88.00549387866295,0.39672969376618367,0.0231296995550538,80.00762219234798,0.38262292293229144,0.029021266809105276,140.0,0.99999998,1e-08,139.99742488192726,0.99999998,1.0000000000008388e-08,50.0,0.38084870049668323,0.028994720428508418,50.007360271519495,0.38084870049668323,0.028994720428508418
0.383,126.25209032888719,0.9999080979038645,3.888662590340268e-06,122.31888537267146,0.9985670360543106,2.7328445689603397e-05,118.37140141699017,0.9910288081490116,0.00010076119009937647,114.40036682473125,0.9640709797073682,0.0002893265338509066,110.36665808476367,0.9329338219621558,0.000637681330239992,106.25654090373882,0.6317617859093494,0.0009512212518275828,100.76399335166583,0.5428543448287133,0.0014948538740733397,94.25477808372628,0.5037720820452808,0.0022706799305662975,87.05549131894418,0.4786972650890458,0.003288084888126923,79.2861967453739,0.4600686659835317,0.004564280365284618,140.0,0.99999998,1e-08,139.99668706699643,0.99999998,1.0000000000006113e-08,50.0,0.4578780326969985,0.004561046201469232,50.00720013676572,0.4578780326969985,0.004561046201469232
0.511,126.25209032888719,0.9999080979038645,3.888662590340268e-06,122.31888537267146,0.9985670360543106,2.7328445689603397e-05,118.37140141699017,0.9910288081490116,0.00010076119009937647,114.40036682473125,0.9640709797073682,0.0002893265338509066,110.36665808476367,0.9329338219621558,0.000637681330239992,106.25654090373882,0.6317617859093494,0.0009512212518275828,100.76399335166583,0.5428543448287133,0.0014948538740733397,94.25477808372628,0.5037720820452808,0.0022706799305662975,87.05549131894418,0.4786972650890458,0.003288084888126923,79.2861967453739,0.4600686659835317,0.004564280365284618,140.0,0.99999998,1e-08,139.99668706699643,0.99999998,1.0000000000006113e-08,50.0,0.4578780326969985,0.004561046201469232,50.00720013676572,0.4578780326969985,0.004561046201469232
0.511,126.25209032888719,0.9999080979038645,3.888662590340268e-06,122.31888537267146,0.9985670360543106,2.7328445689603397e-05,118.37140141699017,0.9910288081490116,0.00010076119009937647,114.40036682473125,0.9640709797073682,0.0002893265338509066,110.36665808476367,0.9329338219621558,0.000637681330239992,106.25654090373882,0.6317617859093494,0.0009512212518275828,100.76399335166583,0.5428543448287133,0.0014948538740733397,94.25477808372628,0.5037720820452808,0.0022706799305662975,87.05549131894418,0.4786972650890458,0.003288084888126923,79.2861967453739,0.4600686659835317,0.004564280365284618,140.0,0.99999998,1e-08,139.99668706699643,0.99999998,1.0000000000006113e-08,50.0,0.4578780326969985,0.004561046201469232,50.00720013676572,0.4578780326969985,0.004561046201469232
0.511,124.65996870792507,0.9999947782758265,2.3973629805354605e-07,120.26508122603839,0.9999123618544317,1.8386690013615744e-06,115.85242897167184,0.9993954581901588,7.667952484709405e-06,111.42169044210667,0.9972993735656157,2.443869883534747e-05,106.97253623767543,0.9934068357999566,6.13969176521238e-05,102.5046392046568,0.9617203764081411,0.00013911276356491078,97.95512211861468,0.8842867151788577,0.0002642438252989908,93.18035541610955,0.5795011877124919,0.000365887509671856,86.4181764961021,0.529698418975146,0.0005773495497079244,78.86249872960387,0.5016520934642819,0.0008745589353203255,140.0,0.99999998,1e-08,139.9963034032049,0.99999998,1.0000000000005695e-08,50.0,0.4993168230341305,0.0008743066983445157,50.007103126499025,0.4993168230341305,0.0008743066983445157
0.575,124.65996870792507,0.9999947782758265,2.3973629805354605e-07,120.26508122603839,0.9999123618544317,1.8386690013615744e-06,115.85242897167184,0.9993954581901588,7.667952484709405e-06,111.42169044210667,0.9972993735656157,2.443869883534747e-05,106.97253623767543,0.9934068357999566,6.13969176521238e-05,102.5046392046568,0.9617203764081411,0.00013911276356491078,97.95512211861468,0.8842867151788577,0.0002642438252989908,93.18035541610955,0.5795011877124919,0.000365887509671856,86.4181764961021,0.529698418975146,0.0005773495497079244,78.86249872960387,0.5016520934642819,0.0008745589353203255,140.0,0.99999998,1e-08,139.9963034032049,0.99999998,1.0000000000005695e-08,50.0,0.4993168230341305,0.0008743066983445157,50.007103126499025,0.4993168230341305,0.0008743066983445157
0.575,122.81778018486665,0.9999997163615362,2.2209841647226065e-08,117.88701388720212,0.9999952038159707,1.1838274851744775e-07,112.933893303627,0.9999640942466977,5.165434633696415e-07,107.9579856519372,0.9998258957598531,1.7730443011431692e-06,102.95884803706474,0.9994936446710435,4.893990407672322e-06,97.93602973002776,0.997495775303603,1.2008690262437631e-05,92.88906699442765,0.991120249953098,2.614982952921071e-05,87.81166415183604,0.9561083705978594,5.4932052990937466e-05,82.62712225049256,0.8337988058374061,9.506122330824164e-05,77.00546717042187,0.5815768121742874,0.00013238059288156836,140.0,0.99999998,1e-08,139.99585947950547,0.99999998,1.0000000000005883e-08,50.0,0.5789573558028657,0.0001323809426953504,50.006653214076174,0.5789573558028657,0.0001323809426953504
0.639,120.9162034029266,0.9999999738365247,1.030044297390237e-08,115.43071581677488,0.9999998601133692,1.2948442907442056e-08,109.91792408162262,0.9999990038795865,2.5232322485610948e-08,104.3773521800018,0.9999948617646669,6.767623715905944e-08,98.80851181079287,0.9999829166894963,1.8435063707920895e-07,93.21090189939659,0.9999236250619947,4.6887759045989923e-07,87.5840083536667,0.9997137694421793,1.0852323567291398e-06,81.92730413127337,0.9986552509645545,2.397151332506285e-06,76.24024836318624,0.9941310261941616,4.928014466418382e-06,70.5150393154372,0.9777838731980978,9.958156868976939e-06,140.0,0.99999998,1e-08,139.99540124500808,0.99999998,1.0000000000002735e-08,50.0,0.9776901705318689,9.986832324044141e-06,50.00504051738269,0.9776901705318689,9.986832324044141e-06
0.767,120.87145258095323,0.9999999799275768,1.0003727582271988e-08,115.3731135157427,0.9999999784913042,1.0040085377301684e-08,109.84764197989453,0.999999966759462,1.0226743033865764e-08,104.29463224066477,0.9999999053460803,1.0929101333660931e-08,98.71366839925184,0.9999997017794606,1.3038710128906874e-08,93.10432403282482,0.9999987909703704,1.855584375002916e-08,87.46616181849257,0.9999953884144971,3.1400234379842626e-08,81.79873313863166,0.9999794410933541,5.974001497190961e-08,76.1015776775552,0.9999100840454128,1.1777750990697203e-07,70.37422310217492,0.9996464469362294,2.3557479543453583e-07,140.0,0.99999998,1e-08,139.9953904611351,0.99999998,1.000000000000003e-08,50.0,0.9996449172525737,2.3625717383324252e-07,50.005005050026355,0.9996449172525737,2.3625717383324252e-07
1.0230000000000001,120.87135982203785,0.9999999799995732,1.0000023267162115e-08,115.37299638533045,0.9999999799904974,1.0000272108732345e-08,109.84750378755174,0.9999999799105104,1.0001671869086944e-08,104.2944771302177,0.9999999794598617,1.0007375516951672e-08,98.71350135227017,0.999999977787522,1.0025924252786454e-08,93.1041508696214,0.9999999706495665,1.0077853424566495e-08,87.46598919807982,0.9999999431623313,1.0206994723430652e-08,81.79856855869738,0.9999998205425428,1.050543905038193e-08,76.10142946448744,0.9999992860078106,1.1148377316313007e-08,70.37410028742279,0.9999971942235435,1.2486340659833456e-08,140.0,0.99999998,1e-08,139.99539043878244,0.99999998,1e-08,50.0,0.9999971820845556,1.2494094998613675e-08,50.005005019281704,0.9999971820845556,1.2494094998613675e-08
1.5350000000000001,120.87135973966056,0.9999999799999987,1.0000000074585437e-08,115.37299628171841,0.9999999799999695,1.0000000942347841e-08,109.84750366610793,0.9999999799996921,1.000000624606627e-08,104.29447699505124,0.9999999799980188,1.0000029520097638e-08,98.71350120809223,0.9999999799911881,1.0000110889394508e-08,93.10415072162995,0.9999999799623701,1.0000353934731002e-08,87.46598905185456,0.9999999798491233,1.000099662402636e-08,81.79856842014225,0.9999999793602347,1.0002557359512627e-08,76.10142933990186,0.999999977240426,1.0006083846239913e-08,70.37410018379629,0.9999999687706211,1.0013676706004412e-08,140.0,0.99999998,1e-08,139.99539043876257,0.99999998,1e-08,50.0,0.9999999687214679,1.0013720715631614e-08,50.00500501925574,0.9999999687214679,1.0013720715631614e-08
2.535,120.87135973958694,0.99999998,1.0000000000239092e-08,115.37299628162457,0.9999999799999999,1.0000000003244323e-08,109.84750366599529,0.999999979999999,1.0000000023059777e-08,104.29447699492157,0.9999999799999928,1.000000011621893e-08,98.71350120794757,0.9999999799999656,1.0000000464302689e-08,93.10415072147273,0.9999999799998498,1.0000001569352203e-08,87.46598905168783,0.9999999799993864,1.0000004664148596e-08,81.79856841997041,0.9999999799974266,1.000001256214667e-08,76.10142933973226,0.9999999799890021,1.0000031247760218e-08,70.3741001836428,0.9999999799548713,1.0000073021122165e-08,140.0,0.99999998,1e-08,139.99539043876257,0.99999998,1e-08,50.0,0.9999999799546733,1.0000073263272637e-08,50.0050050192557,0.9999999799546733,1.0000073263272637e-08
3.535,120.8713597395867,0.99999998,1.0000000000000766e-08,115.37299628162424,0.99999998,1.0000000000011114e-08,109.84750366599489,0.99999998,1.0000000000084268e-08,104.2944769949211,0.99999998,1.0000000000451054e-08,98.71350120794705,0.9999999799999999,1.000000000190862e-08,93.10415072147214,0.9999999799999995,1.0000000006808898e-08,87.46598905168719,0.9999999799999976,1.0000000021294051e-08,81.79856841996971,0.9999999799999897,1.0000000060095256e-08,76.10142933973155,0.9999999799999562,1.0000000156081658e-08,70.37410018364211,0.999999979999819,1.0000000379145867e-08,140.0,0.99999998,1e-08,139.99539043876257,0.99999998,1e-08,50.0,0.9999999799998182,1.0000000380439043e-08,50.0050050192557,0.9999999799998182,1.0000000380439043e-08
4.535,120.8713597395867,0.99999998,1e-08,115.37299628162424,0.99999998,1.0000000000000037e-08,109.84750366599489,0.99999998,1.0000000000000305e-08,104.2944769949211,0.99999998,1.0000000000001727e-08,98.71350120794705,0.99999998,1.0000000000007716e-08,93.10415072147214,0.99999998,1.0000000000028981e-08,87.46598905168717,0.99999998,1.0000000000095118e-08,81.7985684199697,0.99999998,1.000000000028076e-08,76.10142933973154,0.9999999799999998,1.0000000000760272e-08,70.37410018364211,0.9999999799999992,1.0000000001918636e-08,140.0,0.99999998,1e-08,139.99539043876257,0.99999998,1e-08,50.0,0.9999999799999992,1.0000000001925352e-08,50.0050050192557,0.9999999799999992,1.0000000001925352e-08
5.535,120.8713597395867,0.99999998,1e-08,115.37299628162424,0.99999998,1e-08,109.84750366599489,0.99999998,1e-08,104.2944769949211,0.99999998,1.0000000000000005e-08,98.71350120794703,0.99999998,1.0000000000000027e-08,93.10415072147214,0.99999998,1.0000000000000121e-08,87.46598905168717,0.99999998,1.0000000000000415e-08,81.7985684199697,0.99999998,1.0000000000001282e-08,76.10142933973154,0.99999998,1.0000000000003618e-08,70.37410018364211,0.99999998,1.0000000000009485e-08,140.0,0.99999998,1e-08,139.99539043876257,0.99999998,1e-08,50.0,0.99999998,1.0000000000009511e-08,50.0050050192557,0.99999998,1.0000000000009511e-08
6.535,120.8713597395867,0.99999998,1e-08,115.37299628162424,0.99999998,1e-08,109.84750366599489,0.99999998,1e-08,104.2944769949211,0.99999998,1e-08,98.71350120794705,0.99999998,1e-08,93.10415072147214,0.99999998,1e-08,87.46598905168717,0.99999998,1e-08,81.7985684199697,0.99999998,1.0000000000000005e-08,76.10142933973154,0.99999998,1.0000000000000018e-08,70.37410018364211,0.99999998,1.0000000000000047e-08,140.0,0.99999998,1e-08,139.99539043876257,0.99999998,1e-08,50.0,0.99999998,1.0000000000000045e-08,50.0050050192557,0.99999998,1.0000000000000045e-08
7.535,120.8713597395867,0.99999998,1e-08,115.37299628162424,0.99999998,1e-08,109.84750366599489,0.99999998,1e-08,104.2944769949211,0.99999998,1e-08,98.71350120794705,0.99999998,1e-08,93.10415072147214,0.99999998,1e-08,87.46598905168717,0.99999998,1e-08,81.7985684199697,0.99999998,1.0000000000000002e-08,76.10142933973154,0.99999998,1e-08,70.37410018364211,0.99999998,1e-08,140.0,0.99999998,1e-08,139.99539043876257,0.99999998,1e-08,50.0,0.99999998,1e-08,50.0050050192557,0.99999998,1e-08
8.535,120.8713597395867,0.99999998,1e-08,115.37299628162424,0.99999998,1e-08,109.84750366599489,0.99999998,1e-08,104.2944769949211,0.99999998,1e-08,98.71350120794705,0.99999998,1e-08,93.10415072147214,0.99999998,1e-08,87.46598905168717,0.99999998,1e-08,81.7985684199697,0.99999998,1e-08,76.10142933973154,0.99999998,1.0000000000000002e-08,70.37410018364211,0.99999998,1e-08,140.0,0.99999998,1e-08,139.99539043876257,0.99999998,1e-08,50.0,0.99999998,1e-08,50.0050050192557,0.99999998,1e-08
9.535,120.8713597395867,0.99999998,1e-08,115.37299628162424,0.99999998,1e-08,109.84750366599489,0.99999998,1e-08,104.2944769949211,0.99999998,1.0000000000000002e-08,98.71350120794703,0.99999998,1e-08,93.10415072147214,0.99999998,1.0000000000000002e-08,87.46598905168717,0.99999998,1e-08,81.7985684199697,0.99999998,1.0000000000000002e-08,76.10142933973154,0.99999998,1.0000000000000005e-08,70.37410018364211,0.99999998,1.0000000000000002e-08,140.0,0.99999998,1e-08,139.99539043876257,0.99999998,1e-08,50.0,0.99999998,1e-08,50.0050050192557,0.99999998,1e-08
